text	label
"@USER @USER @USER @USER @USER @USER @USER La ley Trans nunca será Ley. Y lo saben. 
Los Deseos 🦄🧚‍♀️ 🧜‍♂️🫃🏻🧞‍♂️NO son Derechos.
Hartos de que mezclen a LGB biológicos con la locura Trans 
La población empieza a rechazarnos por este lastre
#StopDelirioTrans URL"	0
"""En las calles o en los balcones, seguiremos siendo maricones"" 🏳️‍🌈🏳‍⚧
#OrgulloLGTBI #orgullo #transfeminista URL"	1
@USER A mí, la verdad, lo que me parece increíble es que sea un defensor de la lucha contra la VG, denuncie el neomachismo pero no sea capaz de ver que la teoría queer es el mayor caballo de Troya del feminismo. La ley trans volatizará la LIVG .	0
. @USER Felicitaciones por la forma de presentar la noticia del joven censurado en medio de su discurso de graduación por aludir a su condición sexual, y por nombrar correctamente el mes del orgullo #LGTBIQ #queer Estamos aprendiendo todo el tiempo, gracias #BryceDershem URL	0
Por lo que sea, las que tanto hablan de aboliciones, teorías queer y ley trans (para despotricar) olvidan el varapalo histórico que han supuesto la derogación del derecho al aborto y el infame juicio contra esta mujer en EEUU y las consecuencias que lamentablemente traerán. URL	0
Ya no se cómo pedirlo ! BASTA YA DE #lgtbfobia #homofobia #transfobia . Muchos maricones y lesbianas( lo escribo así para que muchos lo entendáis ) han salvado a muchos enfermos del covid siendo sanitarios ! Tomad conciencia ! URL	1
"NO + ODIO
#nomasodio #lgtbi #lgtbq #queer #marica #gay #pride #design #posterdesigne #equalityrights #loveislove URL"	0
"Hoy y siempre, #OrgulloLGTBI. Repasamos la historia de la diversidad sexual y de género en el cine de Hollywood, o cómo se contaban las historias queer antes de que hubiese un lenguaje para ello.

Luces, cámara... acción 

URL"	0
Inicia el mes de #pride #OrgulloLGTBI #OrgulloSiempre #Orgullo2021: el jueves inicio taller de Guion de Cine con mirada #queer y el sábado es mi cumpleaños 🌈🎉🎂 URL	1
"""Ser pobre, gordo y maricón es una bendición para mí"". No te pierdas la reveladora entrevista de @USER, hablando de gordofobia, las presiones de la comunidad #LGTBI, su personal nuevo libro y más. URL"	1
@USER @USER Lee todo el hilo. También es importante saber que la derecha ha aprobado leyes trans en las CCAA , leyes que Vox no ha tocado en las Comunidades cuyos gobiernos apoya; países como Malta tienen ley trans y no reconocen el derecho al aborto de las mujeres. Queer no es progresismo URL	0
"♥️ ROJO
🏳️‍🌈 MARICÓN
🇪🇦 Y TAN ESPAÑOL
👉 COMO TÚ

#Orgullo2020  #OrgulloLGTBI  #OrgulloSiempre URL"	1
"“¡QUÉ ASCO DE MARICONES!” 
Esa es la respuesta del repartidor de @USER (pedido de @USER) cuando le pedimos que suba el paquete a casa y no lo deje en el portal. 
Reclamación hecha. ¡Vergüenza! 
Ni un paso atrás con los derechos #LGTBI 💪🏼🌈 URL"	0
Orgullo MARICÓN #gay #LGBTQ #LGBTQIA #Cuba #gaycuba #orgullogay #fresaychocolate #cinecubano #gayespaña URL	0
"NO SOLO SOYS HOMÓFOBOS, SOYS COBARDES
#homofobia #StopHomofobia  #queer #gay #LGBTIfobia #racismo #feminismo #machismo #lgbiqtfobia #derechoshumanos  #crimen  #vidasnegrasimportam #transfobia #discursodeodio  #luchadeclases #Cobardes  #malasaña   #esquerdaautonoma #antifa #trans URL"	0
@USER @USER @USER No era mi intención molestar a nadie, lo siento, lo he comentado porque es una forma más de crueldad, dentro de la cultura de esos países, errónea respecto a los derechos humanos, sobre la ley trans es otro crimen hacia las mujeres e infancia, que lo pagaremos toda la sociedad	0
"@USER En realidad no es una ley trans. Es una ley queer. Y el #queerismo es misoginia. Es una nueva arma del patriarcado que solo tiene un objetivo: acabar con los derechos conquistados por las mujeres 
#QueerEsMisoginia"	0
"@USER Sigo sin saber cuál o cuáles son esos derechos humanos que no tienen los transexuales.
Existe ya una ley desde 2007 y si hay que mejorarla que se haga y siempre con garantías jurídicas.
Esa mal llamada Ley Trans de ahora está hecha a medida de los Transgénero y la doctrina Queer"	0
"""Ni Carmen Calvo ni sus amigas han abierto un libro de teoría queer en su vida"". Cargadita de verdades sobre #rentabásica, #transfobia y otros asuntos viene esta entrevista de @USER a @USER, promotor del manifiesto #LGBTIxRBU URL vía @USER"	0
@USER @USER A ver no hay un punto específico donde eso se legisle así tal cual, claro que no, eso sería anticonstitucional y contrario a los derechos humanos, pero esas realidades se están dando y la ley trans-queer está empoderando actitudes así de asquerosas.	0
¿Qué onda, MARICONCHAS? #OrgulloLGTBI URL	1
"🌈@USER @USER #OrgulloRTVE 
#OrgulloMadrid2022 #OrgulloLGTBI @USER #MaríadelMonte @USER @USER @USER ¿Para cuándo los certamenes de #MisLesbiana #MisterBinario #MisBinaria #MisterBisexual #MisBisexual #MisterTrans #MisTrans #MisterQueer #MisQueer?🏳️‍🌈🏳️‍⚧️"	0
"Pero cómo ¿no iba la #LaVenenoSerie a llamarse así misma ""maricón"" aún diciendo siempre que se sentía mujer en la mierda de sociedad y educación que recibió? @USER por lo visto la #Transfobia aún sigue muy viva😡incluso en @USER qué asco más grande dais‼️🤮💩 URL"	0
En el Orgullo #LGTBI de Almansa alguien lanza algo contra la ventana de una de las furgonetas desde la que reivindicamos nuestra existencia. En la terraza de un bar, alguien nos grita «maricones» por @USER en @USER @USER URL	0
"¿Qué porqué un día del orgullo Lgtb?
Porque aún hay países donde estos días todavía no han llegado, donde se persigue y penaliza a una persona por ser quien es.↕️

#LGTB
#DespenalizaciónHomosexualidad
#BollitosLibres"	0
"#HomofobiaARV Ningún homosexual quiere que le graben la palabra ""maricon"" . Inventar una historia donde 8 encapuchados te asaltan es sospechoso. Esto ha sido monitorizado, es el mejor lavado de imagen de la extrema derecha. #NosEstanMatando #LGTBIfobia #LGTB"	0
"2022 - Niños dando palizas al grito de maricón
#LGTBI #homofobia URL"	1
"«A los aficionados nos da bastante igual lo que te comas por la noche».

Pero el primer insulto que se oye en un campo de fútbol es «Maricón».

Por cierto: una persona es LGTBI en su día a día, no solo cuando se va a la cama.

#Orgullo #OrgulloLGTBI URL"	0
"Me alegro eso de q el #OrgulloGay  se haga, lo digo de verdad. A ver si todos los #RojosYMaricones pillan el #Coronavirus y no queda ni 1 vivo. Es una apuesta arriesgada, pero si sale bien...uff si sale bien.
#2Mayo  #PSOEOrgulloDeHistoria"	0
"Maricones del mundo:
+""No encuentro a nadie que me tome en serio, solo quieren sexo.""

Also, maricones del mundo:
+""Bueno, voy a subir un nude a ver si con 1000 me gusta siento que me quiere alguien.""
#FelizViernesAtodos #gaytwitter #RealEstate #gaypride #LGTB #LGTBQuarantine"	0
"Qué pena ver Madrid vacío en pleno #gaypride🌈 
#gay #lesbiana #bisexual #transexual #intersexual #queer #LGBTIQ #generobinario #pride #gaypride #madridgaypride #orgullouniversitario
#orgullolgtbq #orgullogay #loveislove #orgullo2020 #pride2020 #Ahora… URL URL"	0
"28 de Junio - Día Internacional del Orgullo LGTBI. Viva el amor Libre, vive y dejar vivir!!! 💪
#lgtb #lgtbiq #lgtbi #amorlibre #loveislove #orgullogay #pride #queer #love #amor #libertad #gay #yaoi #visibilidad #besos #kiss #lovewins #orgullo #respeto #lucha #homosexual URL"	0
"De verdad si amo demasiado el día del orgullo.
Siento que todo se vuelve GAY.
Y los poderes maricas aumentan al 1000%
Todo lo que ves es del orgullo y se siente tan bien.

#loveislove #pride2020 #gay #gaycolombia #colombiagay #OrgulloGay #Orgullo #DiversidadSexual #LGBT #LGBTI URL"	0
@USER @USER Tergiversación absoluta propia de esta secta inqueersitorial; el sexo existe, las personas transexuales ya tienen sus derechos y no más que las no transexuales; no habrá ley trans.	0
"mariquísimo 😎
#NiQueer #NiTERF 
—
#Orgullo2021 #Orgullo
#OrgulloLGTBI URL"	1
"@USER nos unimos con la #comunidad #lgbt preparamos un #episodio este día internacional del #orgullogay tendremos como invitado a @USER
#Amor #diversidad #pride #homosexual #lesbian #gay #trans #bisexual #intersex #travesti #queer #asexual #orgullo #pridemonth URL"	0
"Fuera maricas de nuestros barrios? 
Fuera nazis de nuestras vidas! 
La diversidad llegó (hace tiempo) para quedarse! 
Nos tendréis enfrente! Para defender nuestros derechos, y luchar por los que quedan! 
#chueca #lgtbi #mujertrans #orgullosa #libre 
🏳️‍🌈🏳️‍⚧️ URL"	1
Hablan sin saber acerca de que es el ballroom, los club kids y las casas. En las plataformas como Netflix, HBO, etc. pueden encontrar programas como Pose, Legndary y RuPaul’s Drags Race donde pueden aprender más acerca de la cultura queer y su historia.  #OrgulloLGTBI #PRIDE	0
"Mañana a las 19:30 hablaremos sobre #transfeminismo en directo desde el Instagram de @USER 
¡Únete a nosotras y participa! 💪💜
#8M #feminismo #translesbiana #lesbiana #bollera #mujerbisexual ##diversidad #LGTBI no + #transfobia 🏳️‍🌈 URL"	0
🌈📣 Hoy nos montamos un Orgullo #LGTBIQ sin salir de casa. Un montón de materiales referentes del colectivo, prescritos por las personas más involucradas en la igualdad. #Queerantine en @USER! URL	0
segun la radio, hoy es el dia del orgullo #LGTBIQ por todos mis mariquitas, mis bolleras, mis bises, trans, pansex etc etc! hoy es vuestro dia!  (y si les digo asi, es por que yo no busco ofender, sino defender los derechos de las personas!!)	1
"🏳️‍🌈 seguimos con el Gaypride #gay #lesbiana #bisexual #transexual #intersexual #queer #LGBTIQ #generobinario #pride #gaypride #madridgaypride #orgullouniversitario
#orgullolgtbq #orgullogay #loveislove #orgullo2020 #pride2020 #AhoraMásQueNuncaOrgullo URL URL"	0
"Muchas tuvimos a ese gran amigo, en el cole o en el insti, que se refugiaba en un grupo de niñas porque sus compañeros le llamaban ""marica"" y no le trataban bien. Por ese amigo, por toda la comunidad LGTBI+,por la libertad de poder ser quien quieras ser sin miedos  #OrgulloLGTBI"	1
"Si te preguntan x algún libro sobre #teoríasqueer o #identidad de #género no tienes disculpa 😉 En los fondos de las #bibliotecas tienes material de sobra para documentarte. A favor de los #derechosLGTBI
#Orgullo2020 #OrgulloLGTBI 

URL URL"	0
"@USER @USER Nadie se mete con los Gays 
Me declaro absolutamente anti TRANS, eso es todo y es mi derecho ¿O no?
Y soy hombre biológico (lo de cis es un invento Queer) como todo eso de los mil géneros. 
Por tios como yo nos toman en serio por #ElBuloDelCulo y mil mas se ríen
No te engañes. 😇 URL"	0
150 metros de dolor, ensañamiento, violencia y odio al grito de #maricón. No hay debate. Nos tendrán de frente para que los derechos del colectivo #LGTBI no se pisoteen, ni en la calle ni en las instituciones. Justicia, reparación y educación. #justiciaparasamuel	0
"#Actualidad Las agresiones homófobas siguen sucediendo. Esta vez le ha tocado en #Madrid a un joven cuyo presunto agresor le escupió, asfixió y propinó patadas y golpes ""por maricón"". 

#lgtbi #lgtb #homofobia #stophomofobia #agresiónhomófoba

URL"	0
@USER Yo sí. Pero vamos, que la agenda transhumanista ya la han colado y es mucho más que esta ley trans, lo tengo claro. Es todo queer:pederastia, homofobia, misoginia, etc. Tiempos duros vienen.	0
@USER @USER @USER #mariconyrojo vamos que este años sacáis un carroza, en el día del #orgullogay jajajaj	0
Ley Trans: cuatro avances en Derechos Humanos. - @USER URL	0
"Es la semana del #GayPride y la dedicaré al #QueerArt, entendido como #arte de temática #queer o realizado por artistas #LGTBIQ+.

Aunque soy un cinéfilo no me siento capaz de hacer un hilo ""decente"" de cine de temática #LGTBIQ+. Pero @USER lo ha hecho fenomenal! URL"	1
"@USER @USER @USER #HabraLeyTransEnLaRioja
No a la ley de bodas homosexuales y lesbianas
Que sea españa como irán; carler para los CIS gays y CIS lesbianas pero libertad para #trans 
Para que llore mi madre que llore la tuya maricon bollera 
#transfobia URL"	0
Hoy parte en Barcelona de forma presencial la muestra de cine #LGTB+ FIRE!!! y de forma simultánea en #filmin #queerascinema @USER @USER @USER #pride URL	1
"@USER Los profesores serán la policía del género para encarrilar a los niños disidentes? Vais a colaborar con el sexismo y la homofobia de la ley trans?
Padres y profesores no seamos cómplices de esta barbaridad!!!!#MenoresSinGenero #MenoresLibresDeSexismoQueer"	0
@USER @USER Cuando oì sobre la ley trans lo apoye por concepto hasta que leì el borrador y vì que tenia poco que ver con derechos, servicios y ayudas para transexuales. En vex de esto promociona todo una agenda queer que beneficia pevertidos y desventaja y vulnera mujeres.	0
"👋🏽¡Hola!

¡Somos migrantes queer y tenemos un mensaje para ti! #OrgulloLGTBI URL"	0
"""Presunta agresión homófoba"", dicen.
👉🏿Si los medios NO se atreven a nombrar a las cosas por su nombre, lo haremos nosotres.
⚫Sois unos COBARDES.
🖤NO podéis con nosotres.
#Maricón
#Agresión
#LGTBIQ+
#homofobia
#Malasaña URL"	0
"@USER Y esto no es lo único. Ahí sólo sale uno de los muchos insultos que soltó contra los maricones, porque encima era el orgullo y dijo una de burradas que flipas

URL"	0
"Eso es mentira!!!
El 99% de los científicos no solo no avalan la ley trans sino que la consideran una aberración.
Mi pregunta es ...para tener derechos en este país hay que ser maricon? URL"	0
"Aquí está mi cara
Hablo por mi diferencia
Defiendo lo que soy
Y no soy tan raro
Me apesta la injusticia
Y sospecho de esta cueca democrática
Pero no me hable del proletariado
Porque ser pobre y maricón es peor
LEMEBEL
(que no le gustaba el #OrgulloGay, pero eso es otra historia) URL"	1
"La Pansexualidad es tan válida como la Bisexualidad 🏳️‍🌈💖
#pansexual #OrgulloLGTBI #queer URL"	1
"De nada sirve que publiques apoyo #LGTBIQ el #DiaDelOrgullo, si sigues siendo el típico hetero que si ve a una pareja gay les grita ""¡Maricones!"" o que si se entera de que una chica es lesbiana le suelta ""Eso es que no has probado un buen rabo"".
De nada."	1
Exposición Hola, soy tu misoginia en el studiorgf_ariza11 #LGTBI #orgull #OrgulloLGTBI #queer #queerculture @USER URL	0
"@USER @USER Tengo un máster en queer (Butler y toda la filosofía posmoderna desde Heidegger hasta Foucault) así que pocas lecciones me vas a dar. 

IU no es el PCE aún que lo pretendiera. Y efectivamente se defendía los derechos transexuales q no la aberración d la “ley trans”, trilero."	0
"Hoy nos hemos sentido menospreciados e insultados por el propio colectivo #LGTBI de #Salamanca, en la manifestación q está teniendo lugar en estos momentos. Al grito de: ¡dónde están las maricas del PP!. Hoy habeis faltado al respeto a vuestra gente. #Orgullo 
@USER URL"	0
"Me pregunto dónde están hoy los ""machitos"" que gritaban: ""Fuera maricas de nuestros barrios...."" bravo 👏 @USER por emitir la manifestación del @USER Orgulloso hoy más que nunca de ser español 🇪🇸 y gay 🏳️‍🌈 #OrgulloMadrid2022 #OrgulloRTVE #OrgulloLGTBI #MADO2022 URL"	1
"@USER @USER En nada ayuda tu ley Trans a combatir la homofobia porque el movimiento queer es pura homofobia y misogina.
#IreneMonteroDimision"	0
¿Por qué? #transfobia #terf #sexonoesgenero #nohaycuerposequivocados #LGTBI #feminismo #contraelborradodelasmujeres #transicionar #elconceptoimporta #queer #transgenerismo #Culturadelacancelacion	0
"La diversidad y el amor no tiene sexo, apoyando al movimiento del inicio de la liberación homosexual 🏳️‍🌈

#pride2020 #loveislove #LGTB #lovewins #prideweekend #gayisokay #queer #intersex #gay #lesbian URL"	0
Feliz Día Internacional del Orgullo LGTBIQA+. Porque los días de fiesta no necesitan explicación, ni razones, ni una celebración concreta, pero si son motivo de alegría... de orgullo. #Orgullosodeloqueeres #orgullolgtb #LGTBI #GayPride #OrgulloLGTBI URL	0
"@USER Por expresar tu apoyo públicamente a las personas trans? Sabías que hay personas trans críticas de género?
Teniendo eso en cuenta, tu apoyo no es a las personas trans, es al lobby queer que promueve la ley trans. No más.
Y obviamente estás en todo tu derecho de apoyarlos."	0
"SIENTE EL ORGULLO! 😎🏳️‍🌈
#AmigosXSiempre #lgbt #orgullo #orgullogay #gay #lesbian #trans #queer #lgbtq #loveislove #binario #bisexual #intersexual #diversidad #diversos #homosexualidad
❤️🧡💛💚💙💜 URL"	0
@USER Eso es lo más bonito que nos dicen. Recordemos q nacimos con vulva. Lo repetimos mucho porque es decir lo que pensamos y las que hablan de lo queer como algo malo enseguida se creen que fue con pene. Nosotras no creemos q la Ley Trans nos borre ni a nosotras ni nuestros derechos.	0
"El Sabadell aparta a Ubovic por llamar ""maricón"" a Víctor Gutiérrez No un paso atrás contra la #homofobia #lgtbi #DDHH
 @USER URL"	0
Concentración contra la #LGTBIfobia  en #Pamplona #Iruña #LGTBI👭🏳️‍🌈 #VisibilidadLésbica #transfeminismo #translesbiana #mujerbisexual #lesbiana #bollera URL	0
"""@USER @USER  ha arriado la bandera del empoderamiento de la mujer e iza con mano férrea la del orgullo queer. La mujer (elevada a categoría jurídica) se disuelve ante el nuevo derecho de autodeterminación de un género fluido d la ley trans""
URL"	0
"@USER Una pena la verdad. Esperábamos una ministra de Igualdad Feminista que luchará por nuestros derechos y   ha hecho todo lo contrario, ha gastado su tiempo y energía en la ley trans/queer y con eso creen que han luchado por nosotras 🖤😔
Con la de desigualdades que hay por pelear."	0
"con este regalazo me he levantado de @USER #LGTBI Queerizando la Wikipedia @USER @USER GRACIAS y con el orgullo de mi madre que le encanta que siempre ponga mi segundo apellido...¿cómo no? @USER @USER 

URL URL"	1
Ante los bloqueos del PSOE a la Ley Trans, y su transfobia, Granada Visible, Asamblea Feminista Unitaria, Red Maricones del Sur, El Faro Taller y La Juani convocamos manifestación para el viernes 4 de noviembre a las 18:30 desde Jardines del Triunfo hasta la Plaza del Carmen. URL	0
Entre lo de la pintada de Huelva de #LorcaMaricón (en rojo, gracias) y los ataques fascistas y TE(R)'s a #LosJavis por la serie Veneno, que me tosa alguien cuando hablamos de la necesidad actual de intensificar la lucha por nuestros derechos. #LGTBIQ #queer	0
"¡¡A las 19h ESTRENO!!!
#muñecospop #mierdaenbote @USER #mierdaenboteelvideoclip #carlavision #pop #queer #travesti #drag #dragqueen #pride #LGTBI #pacoclavel URL"	0
@USER @USER @USER @USER ¿Agenda feminista? ¿El proyecto de ley trans es feminista? Montero no se ha reunido con ninguna asociación feminista. Una ley contestada por todo el Feminismo porque es 'proqueer' que es pura homofobia y misoginia. En UP no quedan más que 'feministas sentidas'.	0
"Por favor, tod@USER quienes pertenezcais a una minoría discriminada, coged esta foto y pegarla cuando os llamen opresores.
#LGTBI #feminismo #queer #derechoshumanos #dignidad #derechoaexistir #MiAmorNoMataPeroTuOdioSi URL"	0
"Feliz día maricas
#OrgulloLGTBI #Orgullo2020 #Pride
#LoveIsLove"	1
¡Manos arriba fascistilla! ¡¡¡ Como muevas un solo dedo te vuelo la cabeza con mi Maricañón !!! #pride #LGTBIQ	0
"Liberación, maricón.
#OrgulloLGTBI"	1
"🏳️‍🌈🎥 Sólo hasta el 29 de junio podrás disfrutar gratis de algunos de los preestrenos del @USER 2020
Por el Canal MIX de @USER 
URL

#cinelgbt #cinequeer #MesDelOrgullo #Orgullo2020 #OrgulloLGTBI #MarchaVirtual #PRIDE2020 URL"	0
@USER Q 1 niña juegue con camiones no significa q sea 1 niño y si le atraen las niñas tampoco. La ley trans es homófoba, lesbófoba, plumófoba y misógina. Y es totalmente sexista: no, si te gustan las muñecas no eres una niña, abajo el sexismo y la homofobia queer y ley trans #peaktrans	0
"@USER @USER @USER @USER @USER @USER @USER @USER @USER @USER @USER @USER O aquí. Fíjate: según el hay ""ciertos grupos"" (que no dice quienes) interesados en ¿que exactamente?

¿En hacer colar la teoría queer? No tiene sentido, la ley trans la pedimos por derechos, y las personas interesadas en ellas somos las personas trans. URL"	0
"Nunca olvidaré aquel ""maricón al paredón"" que te gritaron durante un pleno. Y la dignidad con la que respondiste amigo @USER. Seguimos juntos como aquel día, codo con codo, luchando por la libertad de amar  #AQuienLeImporta #OrgulloLGTBI URL"	0
@USER La ley trans de por si es un retroceso. Más le valdría al colectivo LGB olvidarse del delirio Queer y centrarse en la orientación sexual hacia personas de su mismo sexo como derecho humano. Transactivismo es misoginia, todos deberíamos estar en contra y la derecha se aprovecha.	0
"⚠️TOLERANCIA CERO⚠️

#Pride2021 #gaypride #Queer #derechostrans #DerechosHumanos #hetero #gay #lesbiana #homosexual #lgtbifobia #LGBTQ #LGTBI #Manifestaciones URL"	0
@USER @USER Les invito a leer el siguiente artículo que desmonta a las trans-odiadoras TERF. La ley trans no va en contra de los derechos de las mujeres, al contrario.  Aquí se responden TODAS las interrogantes del TEMA. incluidas las referidas a la TEORÍA QUEER. URL	0
"El próximo miércoles invadimos el hall de Psicología una #performance para oídos sensibles (o sordos). Mamarracheo Vontrier en high definition.
Te desgravo, papi es una intervención itinerante, elaborada con material marica reciclado.
#queer #LGTBIQ #show #drag #pride URL"	0
Federico García Lorca votaría a VOX? Pero si el mismo ideal lo mató por maricón como nos mataría a más de uno. Increíble. Pero cierto. Fanatismo e ignorancia. Mezcla explosiva. #derechosylibertades #derechoshumanos #LGTBI #FedericoGarciaLorca URL	1
#OrgulloLGTBI Todos los que twitteáis criticando al colectivo LGTBI que sepáis que la computación la inventó un maricón.	1
"Buenos días con Prekariedrag de @USER (persona queer procedente de Latinoamérica y drag queen). En esta canción, denuncia lo mierda que es la Ley de Extranjería española, el precariado, racismo o el sistema en general. #OrgulloLGTBI
URL"	0
"L@USER heterosexuales podemos ser aliad@USER de los derechos LGBTQI+

🏳️‍🌈 #pride #pridemonth #trans #nonbinary #lgbt #lgbtq #queer #lgbtqia #pride2020 #lgbtpride #diversidad #orgullo #diadelorgullo #happypride 🏳‍⚧ URL"	0
"En apoyo a nuestros compañeros Raúl y Cristian que anoche, 18 de julio de 2021, fueron increpados al grito de ""maricones"" cuando paseaban por su barrio, Loranca, en Fuenlabrada.
No queremos retroceder 60 años en derechos.
#LGTBIfobia #lgtbi #Diversidad URL"	0
Que lindo día para ser Maricon!!!  #OrgulloLGTBI 🌈🌈🌈	1
Escena con niñe #queer por @USER  URL vía @USER #Orgullo #Orgullo2021 #OrgulloLGTBI	1
"Els comentaris no tenen desperdici... 😅 Educació i respecte en estat pur... 
No els veig a ellxs manifestar-se per la pujada de la llum, sí els veig a Chueca dient coses com ""Fuera los maricones de nuestros barrios"" i tal...
#Catalunya #LGTB #homofobia
#catalanofobia #catalan URL"	0
"Amenazan de muerte al grito de “maricón” a un joven de 17 años en Petrer. 
Una información de @USER

#LGTBQ
#homofobia URL"	0
Ahora solo le falta abrir los ojos con la ley trans y darse cuenta la homofobia y la misoginia q hay detrás de lo Queer. URL	0
felicidades en su día a los maricones y gays muchas felicidades y enhorabuena #diadelorgullo	1
Alguien me explica que es la nueva ley trans y #LGTBI??? 🤔🤔 Soy bollera, tengo derecho a saberla 🤣🤣🤣	1
"Interesante articulo de @USER sobre el borrador de la #LeyTrans (con lenguage juridico entendible, que se agradece) 🌹 ""Cuatro avances en Derechos Humanos"".  URL a través de @USER"	0
"Valiente justicia hay en España,te insultan por MARICON y MORO,Y TE PEGAN, Y LOS DEJAN ABSUELTOS A PARTE DE ELLOS, así pasa lo que pasa.
#LGTBIfobia #LGTBI  #LGTBIQ #JusticiaPorSamuel #racismo #racism"	0
"@USER HOMBRES pegan a un hombre transexual. Tu reacción es culpabilizar a las mujeres, acusándonos de transfobia al relacionarlo con la argumentación sobre la ""ley trans"". Reglexiona sobre lo homófobo que es el generismo que quiere transicionar niños maricas a mujeres. Abre los ojos."	0
#DíaDelOrgullo LGTBI+🏳️‍🌈 Otro recomendado: ‘Maricones eminentes’, de Jaime Manrique. Obra que relata momentos de la vida privada y literaria de tres escritores hispanos y que reflexiona sobre lo que significa ser y vivir como homosexual en Hispanoamérica. URL	0
Feliz #OrgulloLGTBI. Sacad la marica que llevamos dentro. El mundo será mejor.	1
Feliz día de la mariconeria #LGTBI #Pride2022	1
@USER @USER la secta queer es fascismo, sexismo, misoginia y homofobia; no me puedes obligar a comulgar con sus delirios identitarios. También hay asociaciones LGB que están en contra de la ley trans.	0
@USER Igual que algunas feministas me averguenzan como mujer, que es lo que me siento. Deja que las personas se sientan como les de la real gana. Eso no va de feminismo. Va de #derechoshumanos #respeto #empatía #libertad #lgtb #queer	0
"¿Me quieren prometer que apenas podamos volver a las calles vamos a hacer una marcha del orgullo digna?

#loveislove #pride2020 #gay #gaycolombia #colombiagay #OrgulloGay #Orgullo #DiversidadSexual #LGBT #LGBTI #LGBTIQ #Pride #Lesbiana #Bisexual #Transexual #Transgenero #Queer"	0
"¡Muy Feliz Dia del Padre! 
Celebrando el Mes del Orgullo LGBTIQA+
#DiaDelPadre #FathersDay #Lgbtiqa #Orgullo #OrgulloLGTBI #MesDelOrgullo #LatitudGay #MeQueer #Queer #Trans #Bisexual #NB #NoBinarie URL"	0
Buenas tardes a rojos, feministas, republicanos, maricones, bolleras y demás LGTBI 🏳️‍🌈 #LGTBI #pride	1
"Último dia de la semana del #GayPride dedicada al #QueerArt: #arte de temática #queer o realizado por artistas #LGTBIQ+.

La compañera @USER ha twitteado una versión de #Safo de Lesbos de Miguel #Carbonell Selva, 1881, del @USER.

Hablemos de Safo de Lesbos👇🏽 URL"	0
@USER Desde @USER seguimos esperando que vuestro periódico y vuestro colaborador pida disculpas públicas por el artículo lgtbifobico publicado el 10-02-2020 TURISMO GAY Y BILLETES. #homofobia #lgtbifobia #gay #lgtbi #asex #asexualidad #queer #odio #rechazo	0
"Pero luego no hay #transfobia, eso es un invento de la teoría queer.
Eso sí, el colega me responde llamándome ""trastornade"" porque ¿piensa que soy trans?
En fin, enfermitos por doquier... URL"	0
"La Teoria Queer emanada del individualismo metodológico capitalista sirve y es utilizada por quienes atacan las bases del pensamiento científico y material para socavar la lucha del feminismo de clase
URL"	0
"Hay q joderse
Resulta q si dices q estás en contra de la ley Queer y la anulación de los derechos de la mujer, una compañera te bloquea.
Sra #Antonelli, si ud no sabe distinguir entre una ley Trans y una Transgenero, yo ya lo flipo.
Hágaselo mirar. URL"	0
No somos 'maricones', 'bolleras', ni 'machitos', somos personas. Un universo multicolor de almas. #DiaDelOrgullo 🖖🏽💚 URL	1
"ANDALUCÍA ES #DIVERSIDAD🏳️‍🌈🏳️‍⚧️

❤️LESBIANAS
🧡GAYS
💛TRANS
💚BISEXUALES
💙INTERSEXUALES
💜QUEER

👫🏻👩🏼‍🤝‍👩🏽👬🏻Todos y todas somos #Iguales, porque todos y todas somos el ORGULLO DE ANDALUCÍA!

@USER volverá a poner a nuestra tierra a la cabeza en leyes #LGTBI+

#OrgulloDeAndalucía URL"	1
"Por todos los que han sido humillados desde la infancia.
Agredidos o asesinados, al grito de maricón.
A los que no quieren que seamos familia.
A los que reivindican ""terapias de conversión"" 
A los que no quieren que se exhiba la bandera LGTBI.
Visibilicemos más el #OrgulloLGTBI URL"	1
La mitad de las veces que discuto con extraños, acabo escuchando el clásico “maricón de mierda”. Personalmente me resbala, pero me jode lo que representa. Muchas personas que parecen normales siguen odiándonos, solo han aprendido a tolerarnos mientras no molestemos. #OrgulloLGTBI	1
"Madrid... Libertad...

""Maricón en el gluteo"".
#Homofobia #Madrid #Libertad
#PP #MalaGestion #LGTB URL"	0
"Somos el arco iris en el invierno y seguiremos siendo 🌈 💪 🖤 ♥️🧡💚💛💙💜
—————
#pride2020
#pride #orgullo #gay #lgtb #instagay #gaystagram #queer URL"	0
"""El respeto no tiene peros.""
.
.
.
.
#tuyyosomoscocut #cocutlgbti #cocut #lgbt #lgbtlove #love #amoresamor #loveislove #lesbian #gay #bisexual #trans #queer #instalgbt #instagay #gaymexico #gaytijuana #mexico #bajacalifornia #tijuana #tijuanapride #pride #orgullogay URL"	0
"@USER @USER La lucha sigue  Imnagenes y Frases De Tolerancia Por el Colectivo LGTB Para Compartir poner de fondo de pantalla o solo mirarlas 
#LGTBI  #LGTB #LGTBQ  #OrgulloYTradicion  #orgullosionista  #gaykids #lesbiana #transei   URL"	0
Os presentamos a Isaac Flores, el fotógrafo que documenta y vive el underground queer de Barcelona como un arte. Y de paso aprovecho para comentaros que este año el Orgullo se celebra online URL #orgullo2020 #pride2020 #lgtbi URL	0
En el día internacional del Orgullo LGBTI. Hacemos votos por un mundo en el que se pueda ser y amar en libertad y sin miedo. #OrgulloLGTBI #loveislove  #rainbowsangha #queerdharma URL URL	0
"Condenado por una agresión homófoba en Móstoles: ""Soy legionario, os tenían que matar a todos, maricones"" URL a través de @USER 
Campaña #GanaElAmor #GEAL20E #StopLGTBIfobia #Los20Estelares #LGTBIfobia #LGTBQ+ #LGTBI"	0
@USER una ley trans es necesaria, pero no esta. igualar género y sexo es acientifico y una barbaridad que recorta derechos, libertades y dignidad. hormonar y amputar a niños y adultos que no caben en estereotipos machistas está lejos de hacer de este un estado mejor. #Inqueersición	0
"Nos humillan desde la infancia.
Nos matan al grito de maricón.
No quieren que seamos una familia.
Ridiculizan nuestra pluma.
Y ahora, encima, nos dicen que mejor no exhibir la bandera LGTBI.
Pues aquí seguimos y seguiremos, orgullosos, luchando por la IGUALDAD!
✊🏼🏳️‍🌈
#OrgulloLGTBI URL"	1
"🌈 #DíaDelOrgullo 

✊🏻 LGBTIQ+ es una sigla universal que representa la diversidad de expresiones de género y orientaciones sexuales que se fue modificando con el tiempo. Son las iniciales de Lesbiana, Gay, Bisexual, Trans, Intersexual, Queer y otras identidades🏳️‍⚧️ URL"	0
"👊 Si te crees “privilegiado” por ser una minoría que quiere gobernar a una mayoría con sus ideologías, y si NO haces berrinches. Con todas sus letras: eres un Maricón.

Y peor si sigues a quienes repudiaban y mataban a los “maricones”. 

#Pride #Orgullo2020 #OrgulloGay URL"	0
"🏳️‍🌈. #DíaContraLaLGTBIFobia
No al #CisHeteroPatriarcado. 
Muchas en situación de #Precariedad. #Desempleo.  #Invisibilización  ¡Basta! de discursos de odio y violaciones de nuestros derechos como  #Lesbianas .#Gais. #Transexuales. #Bisexuales. #Intersexuales. #Queer. #NoBinarios URL"	0
@USER @USER Igual te ayuda a entenderlo que gays, lesbianas y bisexuales, en países con una Ley Trans implantada desde hace años, estén asociándose como LGB dejando la T fuera, porque ven la homofobia (y misoginia) del transgenerismo (y de los transgeneristas) y que rechacen la Teoría Queer.	0
Después no entendéis que necesitemos reivindicar el día del orgullo LGTBI+, se nota cierto odio hacia nuestro colectivo por ciertos personajes que no voy a mencionar. #RojosYMaricones #LGTBI	0
Nos registran: hoy, en Portal Resistencia, nació la Primera Línea Travesti y Maricona, junto con la Escuela Travesti, Maricona y Popular para la revolución🏳️‍🌈🏳️‍⚧️⚧️✊🏾 #ParoNacional #LGBTIQ #OrgulloLGTBI URL	0
#piqueer #lgtbi #pride🌈 en Ciudad Real URL	1
"El pasado viernes 26/2 Xingshun Zhou, mujer #trans #queer nacida en China, acabó con su vida arrojándose frente a un tren en Países Bajos.

Obligada a emigrar de China por la represión sistemática por #transfobia y #homofobia contra la comunidad #LGBTQ

➡️ URL URL"	0
"Haciendo mala cara porque estoy que me muero. 

Prendiendo motores para el mes más colorido del año. 
.
.
.
.
.
.
.
.
.
.........
#pridemonth2022 
#PrideMedellin
#Gayman
#followme
#lgtb
#queer
#pride URL"	0
"Hay que reivindicar el amor libre, sin condiciones, sin etiquetas. Necesitamos reivindicar que cada ser humano pueda ser la persona que desee sin prejuicios, sin insultos, sin desprecios. 
Mi amor no hace daño, tu odio si!

#noalbusdelodio #orgullo #pride #queer #amoresamor #lgtb URL"	0
Hacerlo solo en Chueca por temor a los otros daría oportunidad a que quienes no aceptan a la comunidad #lgtbi digan: Si vais a estar con vuestro mariconeo, iros a Chueca, que para eso está. Es como querer meter el orgullo en un rincón de Casa de Campo. Es decir:	1
"@USER ""Dios va a quemarte, maricón. Hijo de puta, te han dado muchos derechos aquí, maricón.  ESTE ES TERRITORIO MUSULMÁN, mereces la muerte por los pecados"".
#LGTBI 
URL"	0
@USER No, ahí has dado el salto erróneo, k las feministas no luchen contra las personas queer no implica necesariamente que apoyen ley trans, reconocen los derechos d las personas queer en tanto que sujetos morales pero no como seres capaces de autodeterminarse de la estructura social	0
"Portada de nuestro single ""Mierda en bote"", cantado por Caqrla Visión. Disponible en plataformas.
#muñecospop #mierdaenbote #carlavision #pop #travesti #drag #pride #queer #LGTBI URL"	0
en el  #DíaDelOrgullo me gustaría ver la vecina que en una reunión de jjvv me gritó Maricón,como una forma de denostar,porque dije mi opinión,probablemente este celebrando este día,que se debería hacer en una situación así @USER @USER saludos	0
Y esto es un claro ejemplo de homofobia. 🤦🏻 estoy hasta más arriba de donde sea de tener que ser gay en el ámbito privado. Lo siento, lo seré donde me salga de los mismos. Os guste o no. Es vuestro problema. #LGTB #Maricon URL	0
"Brutal agresión homófoba en Madrid: ""Me decían 'no chilles, maricón de mierda, aguanta como un hombre'"" #LGTBI #StopLGTBIFobia #StopLGTBIFobia URL"	0
"Mucho ""Maricón de mierda"", pero si no fuera por la zoofilia que sufren muchas mujeres los machirulos no follarían en su vida.
#Samuel #OrgulloLGTBI #Orgullo2021 #JusticiaPorSamuel"	0
"Celebrando el Mes del Orgullo LGBTIQ+

Lo importante es SER

#Orgullo #OrgulloLGTBI #OrgulloSiempre #LatitudGay #MeQueer #igualdad URL"	1
"Hoy, Día del #Orgullo2021 #Orgullo #OrgulloLGTBI #OrgulloLTGBI, queremos recordar el legado de #QueerasFolk 

¿Por qué fue una serie valiente? ¿Por qué marcó una época? ¿Hasta qué punto sigue vigente su discurso? ¿Por qué fue tan polémica?

Lo hablamos en #ivoox y #Spotify URL"	1
"Cuando leo acá en #Twitter unas mariks  atacando a las otras por lo del beso, me pregunto: todo bien en casita? En que comunidad vivimos? Suficiente con la discriminación que viene de fuera dando palo
#masmaricaelquenoama #OrgulloLGTBI #masamormenosodio 
#31dejulio #nohomofobia URL"	0
@USER Los transexuales ya tienen reconocidos todos sus derechos. La ley trans quiere imponer la teoría queer, y ésta es aberrante!! Mienten, están confundiendo!!	0
Este es el mes trending!!!! Pero pa jotear y mariconear esta todo el año y toda la vida!! #queer #pride #loveislove #LGTBI URL	1
"""Derechos Humanos LGTBIQ "" pintura digital de @USER 
#derechoshumanos
#LGTBIQ 
#maricon
#lesbiana
#gay #bisexual #transexual #intersexual #nobinario #pluma #patriarcado 
#machismo URL"	0
"Inspirado en una historia que me sigue removiendo por dentro.
Porque romper con la heteronorma, con el CIStema, con las leyes del género, tiene su coste.
URL

#BastadeTransfobia #Transfobia #queerfobia #HabraLeyTrans #Trans #LGTBIQ URL"	0
"Hoy es un buen día para recordar a todo el mundo que el término paraguas no es ""gay"", sino ""queer"" #OrgulloLGTBI #Orgullo 

Today's a good day to remind you all that the umbrella term is not ""gay"". It's ""queer"" #pride #Pride2022"	1
Acaso no defender la ley trans presupone que estoy contra la población trans? Es mucho suponer. Me opongo el imperativo queer. Lo he dicho y lo repito, defenderé los derechos civiles y humanos de los transexuales.	0
@USER Lo mio fue x un tuit, creo ke  d Laura Redondo, donde explicaba lo ke había detrás de la ley trans, el mundo queer. Buske más información, tanto a favor como en contra, y mi balanza siempre se ha inclinado contra una ley ke no defiende los derechos d nadie	0
Toma ya con to mi papo xD somos tan #Travestis y #Mariconas qué damos tan duro jjjajajaj qué os quedáis sin palabras stop #Transfobia espero qué no lo hagan porqué gracias a dios dio con una persona no binaria pero a personas trans estás cosas les pueden hacer mucho daño. URL	0
@USER @USER @USER @USER @USER @USER @USER @USER @USER @USER @USER @USER @USER @USER @USER @USER @USER @USER @USER @USER @USER @USER Seguirá emitiendo opiniones discriminatorias que hoy son castigadas por la ley para poner alto a personas retrógradas como usted . porque su #transfobia mata y por ello exigimos el actuar legal de la diputada @USER  #BuenasNoches	0
"🌈 SIEMPRE 

#orgullo2022 #pride2022 #loveislove #lgbtq #pridemonth #gaypride #comunidad #porelamor #girllove #transexual #lgtbi #pridemonth #queer #lovewins #trans #instagood #rainbow #follow #instagram #lgbtqia #lgbtpride #equality #art #pride #amor #transgenero #gay URL"	0
"Una vez más @USER explica de forma clara, contundente y argumentada que la Ley trans no solo no es un capricho del lobby Queer sino que también es una cuestión de Derechos Humanos.
Queridas TERF os guste o no está ley saldrá adelante. 

@USER no estás sola 💋 URL"	0
"¡Que nos lo quitan de las manos!
Pedazo de concierto estamos montando maricones

#OrgulloLGTBI #PrideMonth URL"	1
"Que no se diga que no lo sabíais... @USER @USER @USER @USER 
@USER 
@USER @USER @USER 
@USER @USER 
 #LeyQueer no trata de ampliar #derechos #LGTBI URL"	0
Día Internacional contra el LGTBIQA+ ODIO #lgtbchile #lgtb #NoEsFobiaEsOdio #ñubleregion #ñuble #chillan #chillanviejo #chile #nodiscriminacion #gay #gaychile #lesbian #bisexualchile #bisexual #queer #queerchile #transchile #trans #cuir #intersexual #asexual URL	0
"Si crees que no es necesario
Si crees que los heteros también necesitamos un día del orgullo
Si crees que no es algo que haya que ""exhibir""
Si crees que es un complot judiomasonico del lobby gay para ""amariconar"" a tus hijos

No lo dudes, eres un homófobo de mierda
#OrgulloLGTBI"	0
Carta abierta de maestras y profesoras bolleras: El pin del odio #educacion #diversidad #lgtbi #infancia #adolescencia #derechos URL vía @USER	0
@USER Con el feminismo. Estando a favor de la ley trans, decir no se qué del peligro queer o no se qué de terf como si hubiese una única manera de ser feminista y eso es reaccionario. Es repartir carnets a luchadoras que, en lo fundamental, están de acuerdo.	0
"De ser quien quieras ser y que NO te hagan sentir miedo o vergüenza de contarlo! 🌈
.
.
.
.
.
.
#orgullo #pride #lgbtq #diadelorgullo #loveislove #pride🌈 #gay #lesbiana #trans #bisexual #queer #argentina #chile… URL"	0
"Hemos impulsado un expositor de #comics y #libros por el #OctubreTrans en la Biblioteca Pompeu Fabra @USER para visibilizar realidades #trans #queer y #nobinaries. La #Transfobia también se combate con cultura 🏳‍⚧✊🏾💜📚
#HabráLeyTrans
#JudithButler #PaulBPreciado URL"	1
😍💕Cambia tu formas de ver las cosas, y las cosas cambiarán👬🌈💖#FelizMartes #QuedateEnCasa #RojoyMaricon #LGBT #LGTBI #OrgulloGay #Gay #GayBlog #RelatoGay #GayKiss #GayLove #RelatoLGTLB #LGTBIQ #AmorLGTLB #GayPride #LoveIsLove #LGBTIQ #AmorGay #LGBTI #GayTuber #GayMadrid URL	0
📷 Se aprueba matrimonio Igualitario (Chile) . . . . . #orgullo #pride #gay #lgbt #loveislove #homosexual #matrimonioigulitario #dragqueen #instagay #lgbtq #lgtb #bisexual #gaypride #pridemonth #gayboy #lesbian #queer #transgenero... URL	0
"Alerta #LGTBI - Euskadi | Trece jóvenes pegan una paliza a otro en un parque de Basauri mientras le gritaban «maricón de mierda». Nuestra solidaridad con la víctima y máximo castigo para los agresores. #StopGaifobia #StopHomofobia #StopLGTBIfobia 
URL"	0
"Ya podéis disfrutar del nuevo programa de “Mundo Diversidad”. En esta ocasión contamos con la partición de Javier Sáez del Álamo, sociólogo, traductor y activista gay, especialista en teoría #queer y en #psicoanálisis.

👉🏻 URL

🏳️‍🌈⚖️🏳️‍⚧️

#DerechosHumanos #LGTBIQ URL"	0
"Más marica el que no ama.
#AmorEsAmor #OrgulloLGTBI #PRIDE2020"	1
"Anoche publicamos nuestro especial del #OrgulloLGTBI de este año, con tres (mentira, son 4 😋) recomendaciones de mangas con buena representación de diversas realidades queer. 

¡Esperamos que os resulten interesantes!

URL URL"	1
"NO + HOMOFOBIA. Eso es súper 2010 po retrograda. Es mal visto oka? 🏳️‍🌈💪🏼💙
A mi me han dicho #maricon #maraco #fletoculiao #masencimaweco 🥴🤣 
.
#nomashomofobia2020 #nomasomofobia #homophobia #gays #lgtbi #guysgays #latinoamerica #loveislove #pride URL"	0
"Hace un tiempo un familiar me comentó que no entendía por qué me esforzaba tanto en mostrar abiertamente que era gay. No es que no entendiera por qué cuando lo hago me insultan, ni por qué en el cole a los 7 años ya me llamaban maricón. 

¿Veis el problema? 

#OrgulloLGTBI"	0
"@USER #Antonelli se refiere aquí a los #derechos de las personas #transexuales , YA amparados por #ley.  Que nada tienen que ver con lo “Trans”. 
No es su diminutivo.
Es jerga corporativa #queer 🛕💰🎀🌎, Antonio Ferreras...
@USER 
URL"	0
"#Repost @USER.perez25 No hace falta que uno esté desnudo, sea musculoso o.... #art #drawing #gaydraw #lgtb #lgbtitalia #pride #guy #boy #handsome #body #bodyart #artist #artistsoninstagram #artgallery #artwork #gaypride #gayitalia  #queerart 
URL"	0
"""Amor es amar sin prejuicios.""
.
.
.
.
#tuyyosomoscocut #cocutlgbti #cocut #lgbt #lgbtlove #love #amoresamor #loveislove #lesbian #gay #bisexual #trans #queer #instalgbt #instagay #gaymexico #gaytijuana #mexico #bajacalifornia #tijuana #tijuanapride #pride #orgullogay URL"	0
"Las Escuadras Negras falangistas participaron en la detención y fusilamiento del poeta. 
💀""Le hemos metido dos tiros por el culo, por rojo maricón"".
80 años después seguimos oyendo los mismos insultos en las calles.
#LGTBIQ+ #Orgullo #MemoriaHistórica
#Antifascista URL"	0
"Hace 1 año estuvimos por primera vez en la manifestación estatal del Orgullo, fue muy emocionante, muy bien acompañadas por @USER y @USER Este año no podrá ser pero en cuanto se pueda, ahí estaremos. 
✊🏳️‍🌈👭
 #mujeresLBT #mujeresLTB #lesbiana #bollera #LGTBI URL"	0
"#UberRD HA SIDO TOCADO POR EL RAYO MARICONIZADOR! LA AGENDA AS TOA! 

#Pride #OrgulloLGTBI URL"	0
@USER @USER @USER Los derechos humanos son sagrados, el planteamiento de la ley trans es más un tema de dogmas Queer.	0
"🏳️‍🌈 Celebremos el amor, la libertad y la diversidad 🏳️‍🌈

#pride #orgullo #orgullogay #pridemonth #pride2020 #happypridemonth #lgbt #proudhumans #nogenderissue #gay #lesbian #transexual #trans #queer #asexual #gaypride #diversidad #diversidadsexual #LGBTTTIQA URL"	0
"✨💗 Feliz Mes Del Orgullo LGTB + Queer 💗✨ 🏳️‍🌈

Aparte de ser mi Primer orgullo después de salir 😗✌🏻❤️

Por menos Homofobia en el mundo y más respeto

#diadelorgullo #MesDelOrgullo URL"	0
"""Mi mamá me dijo varoncito, pero cuando vine aquí me dijeron mariconcito. Miren que equivocados que están"", cantan los milicos, en manada, con una 9 y una chapa, que es como son valientes. Este 11/12 vamos a llenar las calles en la #MarchaDelOrgullo2021 en Neuquén #LGTBIQ+ URL"	0
"Atónito me quedo con las disculpas por #transfobia en #OT: ‘Es algo que me toca mucho, porque pertenezco a un colectivo’.

Si te refieres a que eres maricón y ‘perteneces’ al colectivo #LGTBI no vales ni para ponerte de ejemplo.

Nuestra visibilidad es una HERRAMIENTA 🏳️‍🌈. URL"	1
"28 de junio.- Día del Orgullo LGBT o Día del Orgullo Gay

¡Por una sociedad más inclusiva, respetuosa e igualitaria! 🏳️‍🌈

#orgullo #pride #gay #loveislove #lgbtttiq #gaypride #trans #queer #bisexual #lesbian #pridemonth #gayboy #orgullogay #diversidad #gaylove #orgullolgbt URL"	0
"@USER @USER Se supone que @USER también tiene derecho a criticar lo que no le guste. Por ejemplo, la Ley Trans-queer. 
Por eso recibió insultos y, lo que es mucho más grave, amenazas.
¿Defendiste entonces su derecho a la crítica?"	0
¿Habéis leído ya mi artículo de esta semana en @USER? Aquí os explico por qué aprobar la autodeterminación de género de la Ley Trans es una cuestión de derechos humanos. URL	1
Mañana 29 de junio a las 20.00 hablamos por insta live con Alma Pereira Bonet @USER : Feminismo TRANSversal y Teoría queer. #orgullolgbt #orgullotrans #teoriaqueer #feminismotrans #FEMINISME… URL	0
Si @USER no escucha a las mujeres al menos que las lea. @USER es un ministerio para la defensa de los derechos de las mujeres, y han sido ellas las que históricamente han respaldado  a los colectivos #LGTBI Va a defender la religión #queer en contra de las mujeres? URL	0
"¿Sabes qué es el cine Queer?

Te contamos más sobre este tema en el Día Internacional del Orgullo con el curso de CINEFEFEMINISMOS con Leticia Añex Berrizbeitia.

Toda la información e inscripciones en 👉URL

#gaypride #orgullo #DiaDelOrgullo #Pride2021 #LGBT URL"	0
"Anoche mientras caminaba con mi novio por la ciudad una pareja me gritó ""gordo marica"", por gracia soy gay; pero la falta de ética ciudadana, valores y RESPETO cada vez es más grave en la ciudad 😒🙄
#OrgulloGay #Popayan #CulturaCiudadana"	0
"El jueves 18 es el día LGTBIQA+ en STEM y estaré hablando de mi proceso de aceptación y la importancia de la diversidad humana y microbiana🌈🦠✨
#lgtb #prideinstem #queerinstem #lgtbienciencias URL"	0
"Último dia de descuento en prendas seleccionadas! No pierdas tiempo unicornio y haz tu pedido! 🌈🦄💯
#glbt #queer #OrgulloLGTBI #prideecuador URL"	0
"Y sobre el colectivo #LGTBI en el arte, os recomiendo el libro “The Queer Encyclopedia of the Visual Arts” (2004)📝

#womanarthouse #Orgullo2020 #queerart URL"	1
"Nuestro director Roberto Murillo @USER habla de la situación de los Derechos Humanos de las personas LGBTIQ+ en el.mundo y España. 
SIN PAPELES NO HAY ORGULLO!
............
#LGTBI  #trans #gay #gais #Pride  #lesbian #nobinaries #bisexuals #gays #bears #queer #transexuals URL"	0
"El Fantasma de la sauna. Versión queer, patria y orgullosamente espuria de ""El fantasma de la ópera"" ubicada esta en una fantasiosa sauna donde la música y la sensualidad están a la orden del día.@USER #musical #LGTBQ 📽️Luis Navarrete🏳️‍🌈🏳️‍⚧️🇪🇸 URL"	1
"Te vamos a hacer una camita para que te acurruques y estés tranquilx. 

Hoy es un día para celebrar quiénes somos y quienes queremos llegar a ser. Dejadnos ser la mejor versión de nosotrxs mismos!

 #lgtb #lgtbiq #orgullo #pride #gay #lesbian #trans #bisexual #intersexual #queer URL"	0
"@USER @USER Se ha marcao otro ""Schrödinger""... #MerecemosUnaMinistraFeminista que esté a la altura de su responsabilidad orgánica, defendiéndoos y luchando por la #AgendaFeminista.
Enfrente me tendrán también, si no cambia esta #DerivaAntiFeminista in-queer-sitorial
URL"	0
"¿Quién suma y quién resta en el bienestar de las personas LGTBIQ+? Nuestros derechos y libertades son responsabilidad de todxs. Eduquemos para sustituir el odio por la empatía, para que cualquier lugar sea un espacio seguro. 

Hoy comienza #vocesrebveladas

#lgtbiq #queer #trans URL"	0
"@USER @USER Yo estoy en contra de la ley trans y en general del generismo y lo queer, pero eso no quita que tu frase sea falsa. Existe el derecho incluso a autodestruirse lentamente, y al suicidio.

La próxima vez que fume canutos en mi patio te pido permiso a ti. 🤔Aprendices de dictadores."	0
"@USER Si su ídolo es marica deben aceptarlo con orgullo, eso no es #OrgulloGay 
Lo malo:
Las bolsas de dinero
La quema del palacio
La borrachera en tarima
El perdón social
Alianzas con farc y eln
Complicidad con Teodora, R. Barreras y Benedetti
Les parece fantástico, uds están enfermos"	0
"¿Hoy no hay alguna marcha ilegal del orgullo?

No puedo contener tanta maricada en mi cuerpo el día de hoy y quedarme sentada en la sala de mi casa.

Voy a explotar.

#loveislove #pride2020 #gay #gaycolombia #colombiagay #OrgulloGay #Orgullo #DiversidadSexual #LGBT #LGBTI #LGBTIQ URL"	0
"Cartel de ""Mierda en bote, el videoclip"".
#muñecospop #mierdaenbote #mierdaenboteelvideoclip #carlavision #pop #queer #travesti #drag #dragqueen #pride #LGTBI #pacoclavel #laratadeantequera URL"	0
"Bua, ideaza eh? Hacedlo también con la de ""matarile al maricón"" venga.
Si es que por qué dejais a heteros hacer campañas por el #OrgulloLGTBI URL"	1
"@USER @USER @USER El primer derecho humano es ""ser"". La ley Trans hará que estas personas ""sean y existan"" con los mismos derechos que cualquier otro ser humano. No hay mas vueltas que dar."	0
"Si los partidos queer consiguen sacar adelante la ley Trans las feministas tendremos que organizarnos porque a nivel individual será imposible hacer frente a las gravísimas multas que nos impondrán por defender nuestros derechos y la Ciencia
#TransMordaza
#QueerEsBarbarie"	0
Cuánto a que los queers-trans, le dirán a Allison, que es una racísta, ya lo hicieron con Chimamanda Ngozi Adichie, la acusaron de #transfobia y #racísmo. Así opera el #patriarcado disfrazados de 🦄🤡💅🍆☂️ URL	0
"Mi último articulo: Feminismo #Radfem a favor del #OrgulloTrans. 
Todo iba bien hasta que una parte del colectivo perdió el orgullo trans y se empeñó en secuestrar el sujeto político del feminismo. Una mujer trans es una mujer trans. ¿Por qué ocultarlo? 

Stop #inqueersición URL"	0
El tema és digno de debate, recomiendo informarse mínimamente de conceptos como, #Terf  #teoriaqueer #misogeno #transfobia #Genero  #EducaciónSexualYAfectiva  #NoMensajesDeOdio #YoApoyoaPazVega	0
"Yo estoy muy orgullosa de mis amigas las travestis y de lo que hemos hecho hasta ahora parce, por eso les voy a dejar estas pics, spoileando algo de lo que va a ser MARIKOPERREO.
#MeanGirls  #Pride #Orgullomarica #orgullogay URL"	0
Revive este tremendo episodio. Valeria Hernández nos habla sobre la Violencia que recibe la población LGBT+ #discriminacion #violencia #lgbtodio #lgbtfobia #homofobia #lesbofobia #transfobia #LGBTIQA #podcastgay #podcastlgbt #podcast #chile #gay #lesbiana #queer #podcastchile URL	0
@USER @USER @USER @USER La aberración jurídica que pretenden colar como Ley Trans me afecta como mujer, afecta a la infancia y afecta a las personas trans. Y por supuesto que la transfobia mata y violenta.	0
"Si no tienes claro por qué es necesario modificar la Ley 3/2007, @USER lo deja cristalino aquí.
Resumiendo: para garantizar derechos humanos fundamentales. Punto. #LeyTrans
URL vía @USER"	0
"17 de Mayo día Internacional contra la homofobia.

SOY LESBIANA
SOY GAY
SOY BISEXUAL
SOY TRANSEXUAL
SOY INTERSEXUAL
SOY QUEER
SOY HETEROSEXUAL
SOY COMO TÚ 
SOY HUMANO

#LGTBIfobia 
#LGTBI URL"	1
"YO SOY EL COLECTIVO!!!!!  #OrgulloLGTBI pues si, hasta que llegasteis las maricas rojas-podemitas-fascistoides, la GS era una reivindicación del colectivo, y a punto estuvimos de conseguirlo como los israelíes. 
F-I-N URL"	0
"@USER Esto es lo que hacía falta y no esa ley trans (trans que??) Basada en la misoginia Queer para pisotear los derechos de las mujeres, con tanto esfuerzo conseguidos.
Gracias @USER. Gracias feministas socialistas por vuestro trabajo."	0
"Maricones ¿vuestras amigas hetero están compartiendo en redes mensajes por el dia del orgullo como hacemos nosotros el 8M o seguimos igual que todos los años? 

 #OrgulloLGTBI"	0
"La izquierda vuelve a ser lgtbifóbica, como en el siglo XIX. Se hacen amigos de la derecha, para atacar a las mujeres Trans y al colectivo Queer. 
Unas niegan la autodeterminación.
Otres dicen que las campañas #LGTBI tapan la explotación laboral
#Orgullo2020 🏳️‍🌈 #SexoNoEsGénero 🏳️‍🌈 URL"	0
Compra mis diseños en productos de calidad. Apóyame en Redbubble #RBandME:  URL #findyourthing #redbubble #loveislove #LGTBI #pride #tshirt #malejagomez123 #queer	0
"Ayer, en el metro, una persona me gritó MARICÓN y CHAPERO...

Se fue antes de que pudiera darle las gracias por el piropo.

#orgulloLGTBI"	0
"Lectura recomanada
-
#queer #inquisicion #patriarcado #transfobia #lgtbifobia #elperquedetotplegat #LGTBI #intolerancia #arthurevans URL"	0
Día Internacional contra la Homofobia,TRANSFOBIA,BIFOBIA  #lgbtttiq #lgtbi #lesbian #gay #trans #transexual #travesti #transgender #bisexual #queer #intersexual + en Congreso del Estado de Yucatán URL	0
FELIZ DÍA MARICONES, y a toda la panda rabiosa y mugrosa de fachas, homófobos y demás basura, que os atropelle el coche de amaia #OrgulloLGTBI URL	1
@USER A mi como marica las personas trans nunca me han “instado” convertirme en heterosexual. Si que lo han hecho, sin embargo, las estructuras heteronormativas. Basta de #transfobia	0
"Feliz mes del orgullo Lgtbiq+ x más visibilidad, integración, respeto. 
#DragRaceEspana #queerpride #Orgullo #OrgulloLGTBI #Orgullo2021 #DragRaceEs #DragRace #pride #Pride2021 #PrideMonth  
@USER

URL"	0
"🏳️‍🌈 Toda persona merece respeto y el acceso a todos sus derechos humanos sin distinción, más allá de la orientación sexual con la que se identifique.

❤️Lesbiana 
🧡Gay 
💛Bisexual
💚Trans
💙Intersexual
💜Queer 
➕

#DíaDelOrgullo
#HappyPrideDay
#PorUnINAIparaTodasYTodos URL"	0
"Amor sin etiquetas ❤️
.
.
.
.
.
.

#orgullo #pride #lgbtq #diadelorgullo #loveislove #pride🌈 #gay #lesbiana #trans #bisexual #queer #argentina #chile #españa #uruguay #gayespaña #gaymadrid #gayargentina #gayuruguay… URL"	0
@USER @USER Como gay apoyo todo lo que dijeron los expertos que acudieron a esa Jornada. La ley trans no va de derechos sino de imponer el delirio queer en los colegios, en la sanidad, en los medios de comunicación, en la psicología. En mi nombre NO a la Ley Trans	0
Un hombre, con la camiseta en la que se lee 'Maricón', porta un cartel con personas de la diversidad sexual asesinadas en #México. Formó parte del desfile del #OrgulloLGTBI celebrado hoy en la capital del país en el que participaron cientos de miles de personas. URL	0
"🏳️‍🌈¡Lamentable que en el S.XXI, estas cosas pasen! 😡 «Maricón», «chupapollas» o «te hacemos hetero a hostias»: insultos que no bastan para considerar delito de odio, según un auto judicial

URL

v/ @USER 

#LGTBI #DelitosdeOdio #Homofobia"	1
"Me preocupa seriamente que una asociación LGTBIQ+use el término “queer” como algo negativo.
Leer “no es una ley queer” para referirse a la Ley Trans y LGTBIQ+ de quien se supone que nos protege me deja helado.
Por mi parte, orgullosísimo de ser un peazo maric0n y queer."	0
"Somos del cielo de la Medellín disidente, esa que defiende el amor en todas sus formas. Somos filósofxs comprometidxs y combativxs ❤️🧡💛💚💙💜

#Orgullo2020 #OrgulloLGTBI #LoveIsLove #TransLivesMatter
#FuriaTrans #FuriaLesbica #FuriaMarica #FuriaQueer URL"	1
"En el cole me llamaban maricón y yo suponía que era malo porque me lo decían de malas formas y para burlarse. 

Ahora que sé que ser maricón es bueno se lo recomiendo vivamente a todos los hombres. 

#OrgulloLGTBI"	1
Soy Lesbiana, Gay, Transexual, Bisexual, Intersexual, Queer, SOY IGUAL DE HUMANO QUE TÚ. 🏳️‍🌈🏳️‍⚧️❗️ #LGTBIfobia #LGTBI #17May	1
Macarena Olona exhibiendo su homofobia amparada en la ideología queer y en la posible nueva ley trans. Quién se lo iba a imaginar. URL	0
"🏳️‍🌈 Un día como hoy pero en 1969 -en la ciudad de Nueva York- gays, lesbianas, bisexuales, transexuales, intersexuales y queers respondían a la persecución y al hostigamiento de la policía, marchando y convirtiendo la vergüenza en #OrgulloLGTBI.  

#PreguntarnosTodo #Diversidad URL"	1
"Gracias por alzar la voz y denunciar lo que está pasando.
Atención a las citas y comentarios tóxicos de señoros misóginos incrustados en la ideología queer: argumentos =0. En Irán también están encantados con su ley trans. #QueerEsMisoginia #queereshomofobia URL"	0
"Que no se diga que no lo sabíais... @USER @USER @USER @USER 
@USER 
@USER @USER @USER 
@USER @USER 
 #LeyQueer no trata de ampliar #derechos #LGTBI URL"	0
"HAPPY PRIDE🌈

Todavía queda muchísimo, por hacer, porque todavía existe odio, rechazo y abuso, simplemente por ser quién eres y amar. No quiero dar la chapa tampoco con el discurso pero...en esta casa somos rojos y maricones.
ily💕
#loveislove #pride #LGTBIQ URL"	1
"Up for a threesome? Donde caben dos caben tres. Oil on paper. 27 x 20 cm. 

#art #arte #gay #gayart #artegay #lgbt #lgtb #gayboy #gaypride #oilpainting #contemporaryart #painting #queer #queerart #artequeer #orgy #dick #gayboys #fuck URL"	0
Hace rato pasó una caravana de movimiento LGT…etc y algunos me vieron parado observando y me gritaron que yo también era marica. Órale, bien «respetuosas» estas personas que exigen respeto. #PrideMonth #Pride2022 #LGTBQ	0
@USER @USER Más que criterio ideológico es hacer las leyes para agrado de quien les paga y subvenciona, siguen la agenda del delirio queer que está en contra de la mujer, por eso no rectifican, sus amos están encantados en breve tendremos la ley trans y fin derechos de mujeres e infancia	0
"Los de FO están muy obsesionados con lo queer para no ser una lucha obrera.

No sé, tíos, dedicada esfuerzo a luchar contra la actual ley laboral y no contra la ley trans que decís que no es lucha obrera y por tanto no es vuestro negociado."	0
"Un estudiante de Valencia denuncia el acoso diario al salir de su instituto: ""Todos gritándome maricón desde que salí de clase""#stophomofobia #educandoenigualdad #EducandoEnDiversidad #DDHH #valoreshumanos #ladiversidadenriquece #LGTBI 🏳️‍🌈💜❤️👫👭👬❤️💜🏳️‍🌈  URL"	1
"Un 2021 que sea para ganar derechos, generar oportunidades, amor, salud y éxito para nuestra comunidad diversa.
 #gayrights  #loveislove #pride #diversidad #comunidadlgbt #gays #lesbianas #bisexuales #trans #transexuales #travestis #transgenero #intersexual #queer 🏳️‍🌈💕🏳️‍⚧️ URL"	0
"Feliz dia MIS MARICAS LAS AMO. #LGTBIQ GRACIAS A ESAS MUJERES NEGRAS QUE LUCHARON PARA QUE NOS TOMARAN EN CUENTA LAS AMO. 

#LoveIsLove
#TransLivesMatter"	1
"De los creadores de ""las mujeres son mas machistas que los hombres"" llega ""los maricones son los mas misóginos"" #LGTBI #LGTBQ #LGTB #lgtbiqa #machismos #homofobia"	0
@USER @USER @USER @USER @USER Sabéis que oléis a maricon reprimio que echáis patras no? Y además se os nota. #OrgulloLGTBI seguid así, #niunpasoatras	0
📹 Pareja trangenero . . . . . #parejas #pareja #transgénero #trangenero #transexual #trans #trangender #trangenderwoman #trangendermen #transexual #transexuales #lgbt #pride🌈 #lgbtq #gay #gayboy #homemtrans #transman #lesbian #queer... URL	0
@USER @USER @USER Estar en contra  de la teoria queer o ley trans de podemos no es atacar los derechos de nadie.	0
"2:

Con respecto a las bromas sobre ""a los queers les dan derechos y a nosotros tanquetas""... Nos limitaremos a recordar que el mismo partido que boicoteó durante años la ley trans, es el mismo que tiene el ministerio del interior y es el que te manda las tanquetas."	0
Qué asco de autodenominada feminista, desprecia a las mujeres trans, desprecia la ley trans, y ahora cuestiona que la muerte de Samuel fuese un ataque homofóbico porque no ve convincente que matándote al grito de maricón sea un delito de homofobia. URL	1
"@USER Lucía Etxebarría o Montapollos Plagio:
incitan a agredirme, son fascistas, etc.
Y arremete contra Montero y el colectivo LGBT+ (fascistas, queerquisidores, estalinistas, pedófilos, violadores). Pero ojo que ella no calumnia, ni incita al odio…
#Transfobia URL"	0
Una vergüenza atacar de esta manera al colectivo #LGTBIQ y tratar de desprestigiar las fiestas del orgullo queer. Pasen y lean URL	1
"He aquí la razón por la cual se debe de seguir festejando un #DiaDelOrgullo 🏳️‍🌈
""A Samuel lo han matado a palos al grito de maricón de mierda""... #JusticiaPorSamuel URL"	1
"#PorsiteloPerdiste #CristianoRonaldo dice ser un maricón, pero lleno de dinero 😱 #zonagay #gay #pride #lgtb #noticiaslgbt #noticiasgays
URL"	0
"@USER @USER Tanto rollo con la igualdad, los derechos que supuestamente les negamos, la integracion, el respeto y la justicia que se les debe... y al final su lucha (regada con dinero de todos) la rebajan a celebrar un sarao de maricones.
#OrgulloLGTBI #Orgullo2022 
#LGTBIQ URL"	0
"¡No tengo que ser LGBTQI+ para defender también los derechos!

🏳️‍🌈 #pride #pridemonth #trans #nonbinary #lgbt #lgbtq #queer #lgbtqia #pride2020 #lgbtpride #diversidad #orgullo #diadelorgullo #happypride 🏳‍⚧ URL"	0
"Hace un año asesinaron a Samuel. 
No sabían su nombre, le mataron por ""maricón"". Queremos un mundo en que todas las vidas valgan, también las de las personas #Lgtbi, racializadas, personas sin hogar...
#JusticiaParaSamuel 
#StopLGTBIfobia
#SeguimosLuchandoConOrgullo URL"	0
"Cuando los sectarios de la religión queer hablan de “fobia” lo que pretenden es silenciarnos y que acatemos sus dogmas a la fuerza.
La mal llamada ley Trans convierte en delito la libertad de opinión.
La exizquierda se ha vendido al lobby T
#TransMordaza
#Inqueersición URL"	0
@USER Y cual es el escándalo? No son maricas orgullosos pues? Es lo mismo que cuando el cura reclama q no van a misa por irse donde las Put.s! Recuerden q el emblema es #OrgulloLGTBI	0
@USER porque somos gais 💚💙#OrgulloLGTBI #mariconesonpersonas	0
"Muy feliz #mesdelorgullo a todas y todos los que disfrutan de ser diversos en un mundo que pretende la homogeneidad. 
🌈🌈🌈🌈🌈
.
.
#lgtb #orgullolgbt #diversidad #queer #nobinario #nobinary #gay #lesbian #pansexuality… URL"	0
"🌈Celebramos el #orgullo de ser diversxs

Gracias por tan hermoso vídeo a la productora audiovisual de disidencias sexo genéricas Queerubin Films

 #orgullolgtbi #diadelorgullolgbt #27j URL"	1
«Una antología en la que la nueva narrativa #queer española muestra una fotografía de la realidad #LGTBI+ (…) Textos sobre la precariedad, el amor, la lucha trans, reflexiones sobre la relación entre el sexo y el género, sobre la violencia que se ejerce sobre ellos». URL	1
"Con motivo del #Pride2020 te recomendamos ""Carol"" de la novelista Patricia Highsmith. Por su temática homosexual, Patricia publicó este libro en 1951 con otro título y un pseudónimo. El libro fue llevado al cine en 2015 por el director Todd Haynes. #Pride #LGTB #QueerPalm URL"	0
"Libertad para ser quién eres y para amar a quien quieras sin tener miedo. Maricón, sí, y con orgullo.

Feliz día del #OrgulloLGTBI URL"	1
Los que somos normales ahora nos llaman heterosexuales y nosotros no tenemos ningun dia de fiesta ni ninguna bandera poco a poco nos obligan a todos a ser maricones y si no lo eres esta mal visto #Orgullo2020 #orgullo #lgtb	0
"@USER Tu estás utilizando los dictados de un emporio #queer 💰🎀🌎 que quiere presentar sus metas, jerga y #Trans como ampliación de #derechos de personas vulnerables #LGTBI ...
y aquí estás haciéndoles la ola con hilos usando sus argumentos. Penoso...
URL"	0
"@USER @USER No vamos a retroceder ni un milímetro por los discursos que banalidad las agresiones como hace usted ni por los discursos de odio de sus aliados preferentes que envalentonan a quienes nos agreden
#YoTambienSoyUnMaricóndeMierda 
#NosEstánMatando #ORGULLOLGTBI #SinMiedo URL"	0
"Para los que insisten en el mismo argumento: no se puede desvincular el asesinato de Samuel Luiz de su orientación sexual. Que lo han matado por maricón como a las mujeres nos matan por mujeres 
#JusticiaPorSamuel 
#OrgulloLGTBI 

URL"	0
"–Me he puesto la mascarilla y me huele toda la cara a coño. Es que soy un fuckerman
–Trae maricón... Que te has puesto el tanga que usé el #DíaDelOrgullo"	1
"No es fobia, es odio.
La fobia es miedo. El odio es maldad, saña, predeterminación.
La violencia y asesinatos a personas #LGTBI es odio.
Nos odian: y matan y agreden por trans, bisex, intersex, maricas, lesbianas y no binarias. 

No tenemos miedo ni odio, sino orgullo 🏳️‍🌈

#Tehuel URL"	1
@USER Los que nos oponemos a la nueva ley Trans es porque adopta los postulados de la Teoría queer,que se basa en estereotipos abiertamente machistas. Nadie se opone a los derechos de los trans conseguidos en 2007,pero como marxistas tenemos que ser materialistas y oponernos a lo queer	0
"¿Cómo se orientan sexualmente?

#loveislove #pride2020 #gay #gaycolombia #colombiagay #OrgulloGay #Orgullo #DiversidadSexual #LGBT #LGBTI #LGBTIQ #Pride #Lesbiana #Bisexual #Transexual #Transgenero #Queer #Pansexual #Intersexual #Amor #AmorEsAmor"	0
"""Ley Trans no es un capricho del lobby queer.está orientado a la despatologización de la transexualidad.Un camino hacia el derecho a la autodeterminación de la propia identidad de género.Quieres derechos p todxs o prefieres seguir perpetuando tus privi...""
URL"	0
"Nerviosas por la votación de la ley trans y LGTBI porque, a pesar de dejar a mucha gente fuera, es un avance necesario y porque los avances de la comunidad queer son avances feministas.
Ahora, a seguir luchando para la igualdad formal plena 👇🏻 URL"	0
@USER @USER @USER @USER Sí. El @USER es tan promotor del #OrgulloLGTBI en Madrid que maricas y bolleras estuvimos 7 años con la espada de Damocles del recurso en el TC del #matrimonioigualitario. Qué vergüenza de declaraciones, @USER	1
Es terrible que se deslegitime la lucha del colectivo #LGTBI por #ElBuloDelCulo cuando tenemos un chaval muerto a grito de maricón desde hace menos de dos meses.	1
"Que no se diga que no lo sabíais... @USER @USER @USER 
@USER 
@USER @USER @USER 
@USER @USER @USER 
 #LeyQueer no trata de ampliar #derechos #LGTBI URL"	0
"FELIZ Orgullo maricones y que los besos callen siempre las palabras
 #Orgullo2021 #OrgulloLGTBI URL"	1
"si el ministro de Interior es maricon porque no puede haber policías y guardias civiles maricones? 
Aunque no lo exigiera la ley trans tendrían el mismo derecho"	0
"cocodrilodramatico ⬇️⬇️
.
Existimos, sentimos, SOMOS.
#CocodriloDramatico #Drama #Cocodrilo #Viñeta #Queer #Trans #NoBinarie #TERFesFascismo #Transfobia #Neurodivergente #NoEstasSole #AlligatorMississippiensis… URL"	0
@USER @USER @USER @USER @USER @USER @USER @USER @USER @USER @USER La ley trans no ayuda a la gente trans, es doctrina queer, que como bien dicen Butler, Ruiz o preciado, buscan eliminar las atracciones sexuales (homofobia y bifobia) y de paso diluir la opresión sexual de las mujeres elevando a performatividad la imposición de genero. Cómplices.	0
Feliz día mariconcit@USER de mi corazón 🫶🏻🏳️‍🌈 #OrgulloLGTBI #PrideMonth2022 Love you @USER #loveislove URL	1
Feliz naviqueer, no? #OrgulloLGTBI #Orgullo2022 URL	0
"Orgullo León 2021.
Hemos organizado el orgullo en este año de violencia y, por tanto, de resistencia. Por la ley trans nacional, por la ley LGBTIQ+ en Castilla y León y por las infancias queer. 
Lucharon y luchamos. Resistencia y dignidad. 
#leonconorgullo #Orgullo2021 URL"	0
"""Fuera, maricas, de nuestros pueblos""
Ayer en #Madrid nazis alentando la violencia.
El odio y los ataques a las personas #LGTBI no caben en nuestra sociedad.
Y tampoco en el Código Penal, Sr. Ministro @USER 
@USER @USER 
#LGTBIfobia URL"	0
"✨Encontrar tu lugar en el mundo independientemente de la aprobación externa es sumamente inspirador.
❤️🧡💛💚💙💜 Celebremos la autenticidad y la diversidad.
#autenticidad #diversidad #lgbt #lgbtq #pride #orgullogay #queerpride #lovewins  #pride2022 #loveislove #chevroletdelta URL"	0
"Un año fuera del closet 🏳️‍🌈 wiiiii 🤩, pero sigo encerrado en mi casa, pero viendo mi Queer realness.
#LGBTTTIQ #QUEER #pride #Pride2021 #Orgullo2021 #Orgullo #OrgulloLGTBI"	0
"Hay que ser marica todo el día, todos los días, donde es fácil y donde es difícil. Hoy hay que celebrar todos esos esfuerzos.

Feliz San Marica, queridos.

#OrgulloLGTBI"	1
"@USER @USER @USER @USER @USER Ley Trans, Ley LGTBI y Ley de libertad sexual entre otras aportaciones.
Pero, ¡Claro!, para vosotros igualdad de derechos para los ""maricones"", ""los transexuales o enfermos"" y ""las mujeres que valen casi lo mismo que los hombres"" como que os importa 3 cojones."	0
"Pues nada, que feliz y esperanzador día a todos 🏳️‍🌈. Toca seguir luchando. #BeQueer 

#OrgulloLGTBI #orgullo #DiaInternacionaldelOrgulloLGTBI URL"	1
#REBAJAS 35% descuento en todas las camisetas de nuestra tienda online. ¡Aprovecha esta super oferta! Envíos con las medidas de seguridad y desde 24h. #Orgullo #LGTB #TiendaOnline #LGBT #Gay #Lesbiana #Bisexual #Trans #Queer URL URL	0
"@USER @USER @USER @USER @USER @USER Hace mucho tiempo que no escuchaba la palabra ""maricón"" como forma de denigrar a una persona homosexual. Por señoras homófobas como esta ""Andaluza"" sigue siendo necesaria la semana del #OrgulloLGTBI #homophobia"	0
El mariconsito haciendo  cosas de mariconsitos @USER @USER @USER @USER @USER @USER #OrgulloLGTBI #lgtb #orgullogay URL	0
"@USER @USER No va así.
Aitzole Araneta ha colaborado en la redacción de la ley trans, joya de la corona queer de PODEMOS: ellos (que están en el Gobierno) no van a consentirlo.  Además es transfemenino, lo que viene a significar que es alguien por encima de los derechos de las demás personas"	0
Ante los bloqueos del PSOE a la Ley Trans, y su transfobia, Granada Visible, Asamblea Feminista Unitaria, Red Maricones del Sur, El Faro Taller y La Juani convocamos manifestación para el viernes 4 de noviembre a las 18:30 desde Jardines del Triunfo hasta la Plaza del Carmen. URL	0
Que vivan las maricaaaaaaas #DiaDelOrgullo #Orgullo2021 URL	1
"Porque encontrar el amor en los ojos de otra persona es lo más fabuloso del mundo, Valiente y Orgulloso de este mariconeo. Que amar sin prejuicios sea la bandera 

#OrgulloLGTBI 
#Pride
#Pride2021 URL"	0
"Aportando al mes de ls queers apesar que ya casi se termine el mes 

Pibas&gt;pibes 

#OrgulloLGTBI #art #ArtistOnTwitter URL"	1
"¿Cuando vais a condenar la agresión al joven gay de @USER al que pegaron una paliza y le llamaron “maricon”@USER @USER?
#LGTBI #homofobia"	0
"Cuando organizamos la primera marcha del #OrgulloLGTBI en La Palma, hace cuatro años, de madrugada, alguien aprovechó la oscuridad para llenar el pueblo de Tazacorte con pintadas que decían ""pueblo de maricones""

Lo que ocurrió después sigue siendo mi gran ORGULLO de #LaPalma 👇 URL"	0
Para vestir con orgullo de 🧡 🏳️‍⚧️🏳️‍🌈#loveislove #orgullogay #lesbianas #tomboy #queer #camisetas #remeras #tshirts #supportsmallbusiness URL	0
"Las mujeres #trans enfrentan niveles desproporcionados de violencia en Colombia.

A los victimarios la #transfobia les llega de todas partes del mundo.

Las fotos muestran a activistas #LGTB #LGTBIQ #queer #trans en las calles protestando contra el represivo gobierno de derecha. URL"	0
Viendo la serie “El pueblo”(no me siento orgulloso) aparecen comentarios como:”me meteré el pito entre las piernas como los travalos”.Esto tiene un nombre @USER #transfobia #MeQueer #LGTBI	1
"@USER @USER @USER
La ley trans es la negación del individuo como hecho físico y legal, como todos los engendros queer contra el Estado y el Derecho."	0
"La Policía Nacional detiene en Jaén a seis jóvenes por una supuesta agresión homófoba. ""Tú eres maricón, y aquí no queremos maricones"" gritaban. Llegaron a miccionar sobre él. #Jaén #LGTBI
#HOMOFOBIA
URL"	1
"🌈Cada 28 de junio, el colectivo de LGTBIQ+ (Lesbianas, Gays, Transexuales, Bisexuales, Intersexuales, Queer y otras minorías) se une en todo el mundo para celebrar su lucha y su propia libertad.

#OrgulloLGTBI #Orgullo2022 URL"	0
Hoy, para celebrar el #DíaDelOrgullo, te súperaconsejamos “¿Sigues ahí?”, un podcast de @USER y @USER, la queer rockstar más crack de toda España. #LosPodcastsNoTienenGénero #LGBTIQ+	1
"🏳️‍🌈 Porque todas, todos y todes somos orgullamente humanos 🏳️‍🌈
.
❗Viva la diversidad❗

#homophobia #transfobia #derechoshumanos #derechoalaigualdad #derechoslgtbi #lgtbespaña #torremolinos #gay #lesbiana #transexual #bisexual #queer #equality URL"	0
Cuando se enteren los Cayetanos q la gran mayoría de enfermeras de la privada somos bolleras....se caen desmayados, dejarían de ir? #OrgulloLGTBI URL	0
"@USER @USER En el punto 3, si la ley de identidad de género que van a proponer es esa mierda de ley trans de la ideología Queer que lo que buscan es el borrado de las mujeres, olvidenlo.
Por el derecho de todos pero sin que ese derecho quite el derecho de otros.  
#FeminismoAbolicionistaSi"	0
"@USER @USER A los @USER les deberían impedir adoptar ... Si buscas lo mejor para el menor, desde luego no es educar en el  odio a todo: los negros, los inmigrantes, los maricas, el sexo... Incluso a los artistas y las mujeres. Que horror crecer así!!
#stophomofobia #stopracismo #LGTBQ"	0
@USER @USER @USER Yo soy feminista pero no estoy de acuerdo con la teoría Queer, no soy anti trans creo que ell@USER tienen su lucha, pero no es la nuestra	0
"La @USER y la @USER lo denuncian: Las personas #LGTBI sufrimos aún más situaciones de discriminación y LGTBIfobia ante la crisis del #covid19.

Os lo cuento en @USER 👇🏽 URL"	1
Hoy un poco más mariconeada, pues #OrgulloLGTBI URL	1
"Pinta tu vida de sabor.

#orgullo #pride #gay #lgbt #loveislove #a #love #amor #rg #instagay #n #lgbtq #lgtb #trans #bisexual #gaypride #pridemonth #gayboy #lesbian #queer #amoresamor #orgullogay #lgtbi #orgullolgbt #diversidad #mexico #like #transexual #bhfyp URL"	0
"🏳️‍🌈FELIZ SEMANA DEL ORGULLO AMIGOSOS🏳️‍🌈
#abrazosos
#lgtb #lgtbargentina #pride #pridebear #gayworld #gaymers #intagay #orgullo #orgullogay #orgullolgbt #gaybears #daddies #lesbianas #ososgay #trans #queer #queerart #queerpride #queerartist #homosexuality #homosexualidad #besrstyle URL"	0
@USER ¿Era necesario usar el término marica? xd  Es por gente como tú  es que existe #Orgullo2020 #OrgulloLGTBI #Pride #LGTBI #LoveIsLove 🥰	1
"es imposible no emocionarse con este corto... aun hay que oir los que preguntan y para cuando el dia del orgullo hetero? era un dia, y ahora un mes?... pues si señores, un mes es poco! que aun en este pais hay quien pierde la vida a patadas y a grito de ""maricon!"" #OrgulloLGTBI URL"	1
"@USER Ley trans basada en la ideología QUEER, un delirio basado en SEUDO CIENCIA , alentar a las personas a mutilarse o medicarse . 

Que Derechos son los que no tienes?

Si confundes una PARTITOCRACIA con una DEMOCRACIA, vaya nivel que tenéis los OLIGARCAS POLÍTICOS!!
@USER"	0
"@USER Esto me da a mí que roza la ilegalidad, uds sois una entidad oficial de un estado con bandera 🇪🇸, no sois circo mariconchi, vergüenza. 
Marlaska no puede dar más asco.
#LGTBI 
#PRIDE2020 
PD. soy gay."	0
Es que nacería maricón otra vez sí lo digo #OrgulloLGTBI	1
"Hace tan solo 30 que la OMS sacó la  homosexualidad y bisexualidad de la lista de enfermedades mentales. 

Y pronto las personas trans tendrán al fin los derechos que suyos son. Ya era hora.↕️

#LGTB
#DespenalizaciónHomosexualidad
#BollitosLibres"	0
@USER: “Me llamaban maricón antes de yo saber que lo era”. No os lo perdáis, podéis encontrarlo en @USER de @USER, buscar sus libros, o seguirle en redes. Todo un símbolo en la defensa de los derechos #LGTBI	0
"No se olviden de cuidarse

#covid #malenude #pridemonth #queerart #queerillustration #gaymale #lgbtart #illustration #gayartist  #instagay  #gayargentina   #quarantinegay #male #maleillustration #gayart #lgtb  #maleart  #gaylatino #digitalart  #malegay #dibujocontemporaneo URL"	0
"@USER El PSOE estava tan centrado en ""las garantias"" y luchas contra la teoria queer que la única emmienda que presentó a la ley trans fué para incluir a las personas no binarias URL"	0
"#Transfobia es invisibilizar a Nael Conell el #DiaDeLaVisibilidadTrans por ser infiel al #discursoqueer Hagan ya #PeakTrans y no dañen más a la sociedad @USER @USER @USER #IreneMonteroDimision #IreneDimiteYa #TransEsMisoginia
URL"	0
"Parece que varios jefecitos de  @USER son pica💩 y muerden la almohada #maricas o #OrgulloLGTBI de 💩, que ya retirarón el EXCELENTE mensaje puesto por un o una heterosexual para complacer anlos dueños el flujo de dinero.
#BuzzLightyear #buzz #disney #Pixar URL"	0
"Querida gente de Twitter, estoy buscando poesía de autores LGBTI y queer, o que aborde ese tema, experiencias, puntos de vistas. ¿Alguna recomendación? ¿Saben si va a haber algún evento de lectura de poesía por el mes del #Orgullo?

¡Muchas gracias!
#OrgulloLGTBI 

@USER"	0
"Si no se portan bien, respetan y aman sin hacer distinción, durate todo el año a la comunidad LGTBIQ+, éste 30 de Jotanio(Junio)...
¡Juanga no les va a traer nada!

#MesDelOrgullo  #pride  #Pride2021 #PrideMonth2021 #gay #queer #TransMexico #TRANSFOBIA #biseksual #TravestiCDMX"	0
La culpa de todo es que estamos amariconados con tanta ley trans lgtbi y derechos de las mujeres… en cambio, Marruecos, fíjate… no aprendemos. Perro Xanxe no te lo perdonaré.	0
"Si tu pudieras elegir donde meterla, a quién elegirías?
 #drawing #art #gay #gayart #homoeroticart #homoerotico #digitalart #arte #procreate #photooftheday #gayman #beardmen #lgtb #lbgt #cute #love #beard #instagood #gayartist #gaypride #gaylove #queerart #gayboy #hairy #muscle URL"	0
"«Soy maricón y español y quiero una patria que me defienda en mis derechos y libertades» ha tenido que clamar un concejal en Guadalajara

#OrgulloLGTBI #Orgullo #PrideMonth 

@USER 
URL"	0
"En ocasiones tenemos claro quiénes somos, pero el mostrarse de esta forma es un derecho que aún se ve vulnerado por determinados grupos, ideas, discursos e individuos, que nos privan de nuestras libertades.

#vocesrebveladas #lgtbiq #trans #queer #gay #lesbian #intersex #bisex URL"	0
"Video interno de la reunión de #Disney sobre el proyecto de ley de derechos de los padres de Florida, en que la productora ejecutiva Latoya Raveneau dice que su equipo ha implementado una ""agenda gay nada secreta"" y que regularmente ""añade lo queer"" a programa infantil. #LGTBI URL"	0
"De @USER Conoces la bandera de interseccional?
.
.
#Afroféminas #mesdelorgullo #pridemonth #pride🌈  #loveislove #blackisbeautiful #blacktranslivesmatter #lgtbiq+ #afroqueer URL"	1
"Ha pedido la baja.
No ha sido expulsado.
Combatir la #LeyTrans es un deber, no violencia.
Lo #queer vulnera #derechos de las #Mujeres #Infancia y #LGBT 
#PataletaQueer 💰🛕
URL URL"	0
Disfruten del día y de cada día #orgullo #maricón #lgtbi URL	1
Iba a decir muchas cosas hoy, pero creo que solo diré que os tomeis más en serio la interseccionalidad. Sin un disturbio por las opresiones policiales a gente queer, no saldriamos hoy. #OrgulloLGTBI #rememberstonewall	0
Hace dos días para vosotros la ley trans era un “retroceso en derechos” y los que estaban en la calle recibiendo palos ayer enfrentándose a la poli eran trans, maricones y bolleras; tened un poquito de vergüenza y dejad de usarnos para los argumentos que os vienen bien URL	0
Cuando se legalizó el matrimonio de personas del mismo sexo, centró sus esfuerzos en transmitir la idea de que la lucha del movimiento Lésbico, Gay, Transexual, Bisexual y Queer (#LGTBQ) no terminaba ahí.	0
"@USER Ojo! que apoyo la ley trans

Pero es un mal que afecta a ambos lados

Unas ven conspiración queer por doquier y otros transfobismo por doquier

Cayendo ambos lados en errores que les quitan credibilidad

Decir que rechazar sexualmente a una persona trans, es transfobia

+++"	0
"@USER La ley trans será ley...pasando por encima de los Derechos de las mujeres y de la infancia 

Un detalle: no contabais con el Feminismo. 
#GobiernoMisogino
#GenerismoQueerNoPasaran"	0
Aprender y desaprender desde la diversidad, la interseccionalidad y el amor es lo mejor que me ha pasado y ocupar con mi arte escenarios que me he soñado para las travestis, las maricas y en general las diversidades: Lo social y lo político ¡De día! 🏳️‍🌈 #PrideMonth #OrgulloLGTBI URL	1
Ni un paso atrás #lgtbi #loveislove #queer #pride URL	1
Feliz día mariconas #DíaDelOrgullo #Pride2022 URL	1
"@USER @USER Y q mi.erdas te escusas en ser cis lesbiana como si eso sirvira de algo a tu condena por #transfobia
Es como si te llamo bollera cis de mierda y me escudo ""no es que soy #LGTBIQ #trans luego no pasa nada que sea lesfoba
Si en mi comunidad de vecinos la mayor #transfobia  es bisex"	0
Gracias a todas esas maricas, que pusieron sus caras, sus plumas y su valor, para que, pese a las circunstancias hoy pudiéramos decir #HappyPrideDay #OrgulloLGTBI #PRIDE2020	1
"///vendo la saga de libros BRIDGERTON - JULIA QUINN

AQUI: URL
#gaygirl #agradecidadelavida #orgullogay #santiago 
#igualdad #pride #visibilidadlésbica #gaypride 
#diversitat #amorpropio #amomivida #picoftheday #queer"	0
"¿Eres marica? Hablamos sobre chisos, gays, mamasitos, lesbianas, marimachas, travestis, transexuales... pero, sobre todo, sobre derechos y memoria. ¿Listas, listos, listes, listxs? Entra a URL

#LGTBIQ #Derechos #Igualdad URL"	0
mis mejores despertares siempre son junto al amor de mi vida❤️ #bolleras #sandraynagore #lesbianas #tequiero #orgullogay #lesbiano #vox #santiagoabascal URL	0
@USER @USER @USER @USER @USER @USER No te gustan las mariconas? Vaya neandertal, lo que tu llamas mariconas son seres humanos con derechos, aunque tengan otra preferencia sexual a la tuya. #EXISTEN #orgullo #orgullogay #LGTBI #alertaantifascista @USER @USER @USER @USER	0
"Que ganas de estar en una marcha llena de maricas separadas por 2 metros de distancia y tapabocas hermosos decorados con fina piedrería. 

#loveislove #pride2020 #gay #gaycolombia #colombiagay #OrgulloGay #Orgullo #DiversidadSexual #LGBT #LGBTI #LGBTIQ #Pride URL"	0
Aquí toda la megaconcentracion queer en Valencia y la representación de las 100 asociaciones multitudinarias...en fin. Todes las que supuestamente no tienen derechos humanos pero una gran cobertura de los medios y gran lobby que financia la ley trans y el borrado de las mujeres URL	0
@USER Tu ley trans , me recorta mis derechos y me expone peligros en espacios seguros . Eso es atacar al feminismo, y venderte a loobies queer.	0
"@USER Repite conmigo, Irene:
Género = estereotipo sexista
Feminismo = abolición del género
Teoría Queer = misoginia y homofobia
Ley Trans = terraplanismo biológico y legislativo"	0
@USER @USER @USER @USER @USER @USER @USER Es Misoginia. Acusáis de transfobia a las feministas que se oponen a la ley trans y que no comulgan con la secta queer. No contra argumentáis, no dialogáis; canceláis. Se cancela solo a mujeres, los hombres pueden ser tránsfobos, homófobos, violadores, maltratadores sin problema	0
@USER La nueva ley trans y los pensamientos queer sí que es lgtbifobia.	0
A mi me encanta que se me note lo MARICA #OrgulloLGTBI	1
¡En RD, la lucha siempre fue Queer! #Soteria #SoSoteria #orgullolgtbi #LGTBIQ URL	1
orgullosa de todxs vós bolleras, maricas, viciosas/os, travestis e demais. Seguimos nesta loita. Feliz día e que non vos paren🏳‍🌈💪🏽 #28Jun #Orgullo2021 #PrideDay #Stonewall #OrgulloLGTBI	0
@USER @USER @USER La ley actual pretende PROMOVER la ideología de género en los colegios y los profesores que quieran obtener una nueva plaza tendrán que rellenar cuestionarios ideados por la secta Queer. Esta ley no va de derechos va de privilegios. Por cierto ya existía una ley trans.	0
"Mi hija :Ay mama es que la marcha son muchas cuadras 
Yo: bueno y que
Mi hija :ay mama soy marica pero floja xDDD
TE AMO MI GORDA
Feliz Dia del Orgullo mis niños
♥️🏳️‍🌈  #OrgulloLGTBI  #Orgullo #ElOrgulloSeVive URL"	1
@USER @USER Esto es un atentado misógino terrorista contra los derechos de las mujeres bioligicas, el mundo Queer a tomado posición en los poderes fácticos, para seguir masacrandonos, legislando la ley trans para poder legalizar el acoso y borrado de las feministas biológicas, más claro agua	0
"🌈Los siguientes términos se identifican con personas alrededor del mundo y a propósito del #DiaDelOrgullo #lgbtq, te detallamos el significado de cada uno.

#transgenero #pansexual #nobinario #intersexual #queer #cisgenero #LGBT #LGTBI #LGTBIQ URL"	0
"✏️ @USER 
📸 @USER 
@USER 
Rulos Queers

#orgullo #orgullolesbico #28j
#pride #stonewall #abortolegal #lgtbiq+ #nobinaries #lgtb URL"	0
"@USER @USER @USER ¿Y de lo del terraplanismo queer de la Ley Trans ha dicho algo?
A mí el orgullo me saldrá cuando, de verdad y realmente, se legisle para cumplir la agenda feminista y no borrar a las mujeres.
@USER @USER 
Recibid a las feministas y parad esta deriva."	1
"🌈PODCAST LA HIJA DEL JEFE🦄 @USER lo está petando con 'Maricón Perdido' de TNT y con 'Mansos', de @USER En @USER le hemos entrevistado y hemos tratado la Ley Trans, la LGTBIfobia y mucho más!
URL"	1
mes de los maricones, vayan al psicólogo #gay #OrgulloLGTBI #maricones URL	1
"@USER A ver que me quede claro... Si les llaman Marica, Sarasa, Bollera, o Maricón, es delito de odio y homofobia.
¿Entonces pq bautizan 'Maricoín' a su cryptomoneda?
Está claro que quienes lideran ésta iniciativa #LGTBI @USER son 'pridediotas' narcisistas necesitad@USER de protagonismo"	0
"Agresión a un camarero en Huelva al grito de ""maricón de mierda"" #LGTBI #LGTBIFobia #StopLGTBIFobia 
URL"	0
MARICONES. He bajado móvil en mano para pedirle q lo repita pero ahí ya no es valiente. ¿Que haríais vosotros? Ha sido bastante violento ya que jamás nos han insultado por nuestra orientación sexual. #homofobia #stophomofobia #odio #LGTBQ @USER @USER @USER	0
"En VOX no discriminamos a los homosexuales ni a ningún otro tipo de emfermo psiquiátrico.
DavidPriego1977
#vox #voxespaña #españa #maricones #LGTBI #gay #gaypride #feminismo #laespañaquetrabaja #queer #nobinary #monologos #standup #comedy #comedia"	0
#ResistimosConOrgullo #LaMalaReputación de #LaCHIKI está en #YoutubeMusic para que disfruten de cada canción en este día de #celebración #OrgulloHetero #OrgulloLGTBI #Orgullo2020 #OrgulloDeSer Canal: La Chiki y su mala reputación #cantante #QueerArtistPH URL	0
Buenos días de celebrar, protestar, coernos de la mano, de resistir, de cuidarnos, de ser, existir y ocupar espacio #OrgulloLGTBI #QueerAllYear	1
"Hoy 🏳️‍🌈 Día Internacional por los Derechos de las personas #LGTBI

RECOMENDAMOS

📄Inclusión de las personas lesbianas, gays, bisexuales, transgénero, intersexuales y queer (LGBTIQ+) en el mundo del trabajo: una guía de aprendizaje de la @USER 

👉URL URL"	0
¡Vaya par de maricas!': la importancia de no usar frases ofensivas delante de los niños! #StopHomofobia #LGTBI Edens Forever®.  URL	0
@USER Al revés: sintoniza perfectamente con la agenda feminista (al contrario que la ley trans y la misoginia queer) y protege los derechos de las mujeres, que no son sentimientos.	0
"¡Las mujeres Trans son mujeres! 
Semana de la concienciación Trans. 

Créditos: @USER 

#trans #transexual #transgender #travesti #nonbinary #transgenero #visibilidadtrans #transfobia #latransfobiamata #semanatrans #transweek #transvisibility #transphobia #comunidadlgbt URL"	0
@USER @USER @USER Ciencia ficcion, aceptenlo, ya perdieron.como piden apoyo si están en contra de los derechos laborales, votaron en contra de la derogatoria de la 014, 016  en contra de la derogatoria del Regimen CAS y botan a favor de LA LEY TRANS(maricones) NO Jodan	0
"¡Qué la música queer no pare! ¡En esta lista #LGTBI especial #Orgullo os dejamos a la gran @USER !
URL"	1
@USER @USER pero q intentas demostrar con la captura no lo entiendo es gente trans w te está diciendo q igual t deberías callar la boca con lo d la ley trans y tu luego en poan la cisfobia podria existir en este planeta 🤔🤔	0
"Empezamos bien la semana.
-Buenos días, ¿está en ayunas?
-Sí.  Pínchame rápido, que yo para los pinchazos soy muy maricón
#ikercasillas #LGTBI #lgtbifobia URL"	1
"#DiaDelOrgullo | Jari Jones es una actriz trans que se reconoce como queer y lesbiana, y partidaria del movimiento #BlackLivesMatter.

""Proud in my Calvins"" es la campaña de Calvin Klein que protagoniza y que busca promover la libertad en la diversidad. URL"	0
No me importa que se vaya de mi vida gente que dice defender los derechos de las mujeres y dice ser feminista, defendiendo la ley trans y todo lo relacionado con los queers. Adeu.	0
@USER @USER @USER @USER @USER @USER @USER El derecho a la preservación de la salud, sobre todo en el caso de menores, y la defensa y garantía de los derechos de las mujeres basados en el sexo, se ven seriamente amenazados con la actual redacción de la Ley Trans.	0
"Damos por finalizado nuestro concurso de TORTILLERA 2022 y nuestra presi volvió a ser nombrada como ganadora del concurso.
Porque somos tortilleras y bollera. 
Visibilidad y Orgullo Lésbico.
#DiaVisibilidadLesbica 
#felgtbi
#LGTB URL"	0
"De paseo hoy por un parque cerca de mi casa oigo a unos chavales al grito de: ""el último es maricón, el último maricón"". Heterosexual no, maricón. Que luego que si no hay nada que luchar ni educar. 🤦‍♂️ #OrgulloLGTBI"	1
@USER @USER @USER @USER No ha habido Participacion, ni información ni debate público sobre la Ley trans y la ideología Queer. Solo propaganda gubernamental y discurso populista a favor de la ley trans. Y difusión torticera y falsa sobre la “transfobia” de las feministas. Que resultados puedes esperar?	0
"""Mira ya no están los maricones aquellos que estaban aquí sentados, ya nos podemos sentar""

He escuchado este comentario hace un rato y creo que hay que denunciarlo

#stoplgtbgfobia #stophomofobia #loveislove #lgtbq #gay #OrgulloSiempre URL"	0
Mi reconocimiento a todas las asociaciones #LGTBIQ, sobre todo las de mi región, que trabajan ayudando a personas y familias en igualdad y defensa de sus derechos y por una sociedad más igualitaria @USER @USER @USER @USER @USER	0
"La paridad de #Mujeres y hombres , amparada por la Constitución y tratados 🌍 ratificados y  vinculantes se incumplen y relativizan... 
hasta que un hombre o 18 dicen sentirse mujer y ocupar ese escaño se convierte en 1 #derecho e incumplirlo #transfobia. 
#QueerEsMisoginia URL"	0
"No es solo que sea maricón, es que además me encanta ser maricón. 

¡Feliz día del #OrgulloLGTBI a todxs y quereos mucho!"	1
"En la imagen los nazis gritaban
""fuera maricas de nuestros barrios""
El Ministerio de Igualdad pone en conocimiento a Fiscalía el racismo y la #LGTBIfobia de esta mani en Chueca (Madrid) 
Han conseguido acelerar los derechos de LGTBI y la Ley Trans para blindar los derechos👏👊💫 URL"	0
"La muerte de #SamuelLuiz no fue simulada.A éste sí le mataron de una paliza al grito de ""maricón"".Lo digo para cuando oigan a un homófobo negacionista decir que los #delitosdeodio contra el colectivo #LGTBI son mentira.

#LGTBIfobia #Homofobia URL"	0
"¡Si estamos orgullosos de ser maricones se dice y punto! ¡Feliz #OrgulloLGTBI! 🏳️‍🌈
#PrideMonth URL"	1
A ver para cuándo una buena representación #LGTBI en la cultura. En las series y películas más mainstream.y Para este #OrgulloLGTBI quiero visibilidad trans, no binaria y ace. Queremos personajes queer racializades y con diversidad funcional. TODES necesitamos referentes. URL	1
Por ello, la importancia de unirse el movimiento feminista con el PFE y luchar contra esa ley trans. Además de pedir la ABOLICIÓN DE LA PROSTITUCION e ir contra la teoría Queer. URL	0
"Hoy es el primer día del mes del orgullo LGTBIAQ+ y os queremos desear a todes un feliz Junio queer, aquí estaremos para hacer activismo, resolver dudas y difundir otras experiencias!! 🏳‍🌈🏳‍🌈🏳‍🌈

#PrideMonth2021 
#Orgullo2021 
#pride 
#Orgullo 
#OrgulloLGTBI"	0
El #28J día del #orgullo #lgtb pido un mundo lleno de colores, pero sobre todo de respeto a la #diverdidad afectivo-sexual y de género. No sólo queremos gestos bonitos, queremos disfrutar de nuestros derechos en condiciones de igualdad! #pride #lgtbi #orgullomarica #orgullocharro URL	0
Que bonito se siente ser un maricón libre y feliz. #OrgulloLGTBI URL	1
Chulísima y súper interesante Todes a verla right now 🤓❤️🌈 #sofaODAymantita #ComunicacionLGTBIQ #Diversidad #LGTBI #LGTBIRights #Pride #GLAAD #ODA #GalaODA #Prensa #MediosAudiovisuales #Queer #loveislove #siereslgtbitevaagustar URL	0
Lo mejor de mi vida ? Ser MARICÓN feliz ORGULLO #OrgulloLGTBI URL	1
Ya quiero que se acabe el mundo. No soporto ver a tantos negros/maricones/viejas/judios/downs en TV abierta y noticias #machicidio #SouthPark #Covid_19 #Orgullo2020 #Feminazis #Covidiotas #memes2020 #LGTBIQ #MesDelOrgullo #blacklifematters #humorNegro #PRIDE2020 #StayGold #MeToo URL	0
"Un 28 de junio de 2006 se estrenaba en España: ""Queer as folk"" una serie donde todos sus personajes eras homosexuales, y 16 años después es trending la censura de  Lightyear por un beso. Claro que necesitamos un día del orgullo LGTBIQA+.
#OrgulloLGTBI #Orgullo #LGBTQ #28Junio 🏳️‍🌈"	1
"@USER @USER @USER @USER @USER @USER ¿Esos datos han aumentado en las últimas décadas?
¿Está en la propuesta Ley Trans?
¿En que apartado?
No me metas en tu lucha contra el lo Queer que ni me va ni me viene.
Ya te dije que yo a lo que no le veo pegas es a la Ley Trans y no pudiste demostrar su supuesta peligrosidad."	0
@USER No se dejen llevar por la falsa ideología de género. Una cosa es ser #pacosculiaos, #mariconesCtm y otra cosa el verdadero #Orgullo #LGTBIQ	0
"🌈 #28J ORGULLO AFRO Y LATINO DE MARICAS Y TRAVESTIS 🌈

El 28 de junio se celebra el día internacional del orgullo #LGBTIQ+
✍️ Escribe Agustina Verdi 

#orgulloeslucha #orgullolgbt #orgullotrans
#MarshaPJohnson #SylviaRivera URL"	0
"@USER @USER Es la pseudo ideología queer: que baje la natalidad. ¡Arriba con la pederastia; el borrado de mujeres, la desaparición de la familia! Eso es Agenda 2030: el derecho de los menores a sodomizarse por adultos. La depravación total.
Y muchos chiringuitos a por una paguita: ley trans!"	0
"que la @USER use la bandera marica me repugna

porque además de marico soy americano del Sur y he visto cómo esa organización está al servicio de la mafia gringa 🇺🇸
#Orgullo #OrgulloLGTBI 
#Orgullo2021 #pride URL"	0
"🏳️‍🌈 📻 ¡No dejéis de escuchar nuestro primer #podcast! Puede que nos hayamos puesto intensas con el tema del #orgullo, lo reconocemos. ¡Pero no por ello deja de ser interesante!

#queer #lgtbi #lgtbiq #mamarracheo #Orgullo 👇

URL"	0
"Cinco lecturas recomendadas para plantar cara a la #LGTBIfobia. Por delante y por detrás. 🏳️‍🌈
¿Alguna sugerencia?
#libros #lectura #LGTBI #LGBTQ #LGBTI #queer #readinglist #queleer #LGBTQuarantine #LGBTQuarenteners
⤵️
URL"	0
"No entiendo porque hay tanta feminista transexcluyente revisando todo lo que las personas trans hacemos, si les molesta tanto nuestra existencia, por qué no dejan de seguirnos?
#maricaya #trans #orgullotrans #furiatrans"	0
"“La diversidad es libertad.”
.
.
.
.
#tuyyosomoscocut #cocutlgbti #cocut #lgbt #lgbtlove #love #amoresamor #loveislove #lesbian #gay #bisexual #trans #queer #instalgbt #instagay #gaymexico #gaytijuana #mexico #bajacalifornia #tijuana #tijuanapride #pride #orgullogay URL"	0
"Viva el amor en sus mil colores 🌈
.
.
.
.
.
#Orgullo2020 #pride #lgtb #loveislove #morelia #lesbiana #gay #bisexual #trasgenero #transexual #queer #intersexual #pansexual #amoresamor🌈 en Morelia, Mexico URL"	0
"Vive #UnOrgullodeCine con los descuentos del VI Festival de Cine LGTBI

Del 20 al 27 de junio en el Auditorio y en @USER: 8 películas y 10 cortos

#cine #lgtb #lgtbi #gay #homosexual #lesbian #lesbianismo #bisexual #bisexualidad #trans #queer #intersexual #pansexual URL"	0
"Cuando preguntan que por qué en este país sigue haciendo falta un día del orgullo:
«Los maricones no deberían estar en la Guardia Civil», «arriba España y muerte a los maricones», «prefiero tener un hijo muerto o drogadicto que maricón».
#lgtbifobia #LGTBI
URL"	1
"Nominados al mejor videoclip del por ""Amor Nazareno"" dirigido por JD Alcázar a los premios URL 2020
#LGTBI #queer #travesti #dragqueen    #picoesquinaestudio  #CynthiaDeCassette #trashvesti  #orgullogay #DragQueen #Drag #visibilidrag URL"	0
"En Cabezón, colgamos la bandera.

#cabezondepisuerga #pride #gay #lgbt #loveislove #a #love #amor #lgbtq  #gaypride #lgtb #trans #queer #bisexual #lesbian #pridemonth #gayboy #orgullogay #diversidad #orgullolgbt #lgtbi #amoresamor URL"	0
"@USER @USER @USER @USER Si te sientes tan orgulloso, no uses seudónimo y pon en tu perfil tu foto real.

Porque te contradices? 

No deberías de esconder tu mariconeria.

Sea hombre por lo menos en esa parte y de la  cara, #orgullogay jajajajajaja"	0
@USER @USER @USER A las que no tenemos pelos en la lengua la indiferencia nunca fue sujeto de nuestra lucha. Estamos en contra de la ley trans y en contra de la religión queer. La simulación no cae por estos lares.	0
"""No se trata de que seamos iguales, sino de aprender a respetar las diferencias"". #pride #PrideMonth2021 #Pride2021 #OrgulloLGTBI #loveislove #amoresamor #queer🏳️‍🌈 URL"	0
Primero un dia y ahora un mes. Al final el dia de los maricas sera dia no laborable #OrgulloLGTBI	1
"El día internacional del orgullo LGBTI+ solo busca reafirmar el compromiso de seguir construyendo un mundo con más libertad, más igualdad y más derechos para todos. ¡VIVAN Y DEJEN VIVIR!

PD: TENGO UNA MARICA POR DENTRO ORGULLOSA 🤍✨ LXS AMO. 

#OrgulloLGTBI 🌈"	1
Rt primera colaboración para onlyfans rt  #trans #transgender #gay #lgbt #pride #lesbian #lgtb #queer #love #loveislove #instagay #madrid #spain #bisexual #lgbtq #orgullo #transisbeautiful #ftm #lovewins #selfie #gaypride #genderfluid #Shemale #mexico URL	0
"#28jun se celebra el Día Internacional del Orgullo LGBTIQ+. Es una fecha para celebrar la diversidad y reivindicar los derechos de las personas del colectivo
#OrgulloLGTBI #gay #pride🌈  #diadelorgullo #28junio #diversidad  #comunidad #lesbiana #transgenero #queer #bisexual URL"	0
@USER @USER Hola, soy alguien, votante vuestro para ser mas especifico. La ley trans es misógina y mezclar queer con lgtb es de una homofobia bastante fina.	0
"Luego no les llames queer-nazis.😒
Detrás de la peluca y del maquillaje,se os ve el plumero misógino y fascista al lejos.
#DiaDelOrgullo 
#OrgulloLGTBI URL"	0
"""El orgullo no solamente es una celebración: también es un momento de lucha.""
6 personas queer compartimos nuestras historias personales por el #Orgullo: 👉 URL  
Hilo de @USER 👇 Comparto mi mensaje en hilo 👇👇
#OrgulloLGTBIQ #OrgulloLGTBI URL"	1
"Hoy en día pensar que en la derecha no hay votantes del colectivo #LGTBI
es lo mismo que pensar que en semana santa no hay maricones. #Orgullo2020"	0
@USER @USER @USER @USER @USER Creo que invitando a Hazte Oir ni el evento, ni el feminismo ni la lucha contra la ley trans ganan nada. Solo ganan los de Hazte Oír (alguien les hace caso!). Y Podemos y su caterva queer, que sabrán explotarlo muy bien asociando aún más esta lucha a la ultraderecha.	0
"En ésto  ha convertido el gobierno el día del #OrgulloLGTBI ?
En un día donde los queer-nazis sacan toda su misoginia?
Ésta gentuza subvencionada fomentan el odio,,son unos enfermos mentales que hay que exterminar cómo 🐀🐀,ya está bien.
Tolerancia cero con el fascismo! URL"	0
@USER @USER @USER @USER Que la chica a la que invitaron al programa tiene dignidad y reivindica su derecho a la libertad de expresión y de libre pensamiento. No odia a personas trans, es una mujer crítica con la ideología queer y con las consecuencias de la ley trans. Y está en su derecho. Faltaría más.	0
"Feliz mes del orgullo a todos!
#pridemonth #mesdelorgullo #lgtbi #queer URL URL"	0
Apoyar la comunidad LGTBIQ+ no te va hacer marica, ni bisexual, ni trans, solo te hace una persona que sabe entender que todos merecemos ser tratados con respeto y merecemos el sentimiento que une a todas las personas. el amor. 🏳️‍🌈🏳️‍🌈#Pride2021 #PrideMonth2021 #pride #LGTBI	0
Ojalá esto sirva para prevenir violencias y para que ciertas personas entiendan que sus comentarios (en las familias, los colegios, hospitales, congresos y Twitter) llenos de #Homofobia y #Transfobia hacen parte de esas dinámicas que debemos rechazar. @USER #LGBTIQ #Queer URL	0
"@USER @USER @USER A Irene Montero se le han criticado muchas cosas en su viaje a EE. UU. Pero pocos han hablado de esto, las teorías queer defienden los vientres de alquiler como derecho del colectivo homosexual y trans y es en realidad lo que subyace con la ley trans.
URL"	0
🎶🎵🎼 #UnDíaEnParís #LoveIsLove siempre debería ser #Pride2022 #PrideMonth #Pride #PrideMonth2022 #OrgulloLGTBI #Orgullo #Orgullo2022 #MásMaricaElQueNoAma #LoveIsLove #StopHomofobia #SomosDiversos #SePuedeSer #PrideLatino #SoyDeColores URL	0
Negra hijueputa debería darte vergüenza tener a una abuela maricona amante de asiáticas!! #Lightyear #Pride2022 #PrideMonth #Pride #Orgullo #OrgulloLGTBI URL	0
"""No más opresión por ser maricón"". 

La Puerta del Sol llena para luchar por los derechos del colectivo #LGTBI en Madrid. Mañana se vota en la Asamblea. ÁNIMO!! No pasarán. 

 URL"	0
"@USER @USER @USER @USER @USER @USER @USER @USER @USER @USER -""Estómagos agradecidos""
-""Misóginos"" ""Stop misoginia""
-""Compra bebés"" ""Explotadores reproductivos""
-""Gaypitalismo""
-""Queer es misoginia"" ""Sexo no es igual a género""
-""Mi opresión no es tu identidad""
-""Ley trans es misoginia + capital""

¿Dónde está la transfobia?"	0
"Todos los dias este tipo de mensajes! La homofobia es un discurso de odió! 
Cuando alguien le grita ""maricon"" en la calle como un insulto a otra persona es un discurso homofobico!
Por ultimo como dijo la #AnitaAlvarado ayer en su live, #ElPotoEsMio! Denuncia y bloqueo! #LGTBIQ URL"	0
@USER Por eso las feministas están en pie de lucha contra la ley trans, mientras la secta queer junto a Irene Montero más las farmacéuticas a  medicar de por vida niños sanos.	0
"#DiaDelOrgulloLGBTTTIQ
28-Junio-1969
🏳️‍🌈❤️
No tengo amig@USER Lesbianas, Gays, Bisexuales, Transgéneros, Transexuales, Trasvestis, Intersexuales, Queers,,,,Simplemente tengo #Amigos

#OrgulloLGTBI URL"	0
Sí. El @USER es tan promotor del #OrgulloLGTBI en Madrid que maricas y bolleras estuvimos 7 años con la espada de Damocles del recurso en el TC del #matrimonioigualitario. Qué vergüenza de declaraciones, @USER URL	1
De la misma manera, la #Transfobia es el miedo, el odio, la incomodidad o la desconfianza hacia las personas que son transgénero, genderqueer o que no siguen las normas tradicionales de género.	0
"🏳️‍🌈🏳️‍🌈MARICAS TODAS🏳️‍🌈🏳️‍🌈
📍@USER
🗓️Domingos de septiembre y octubre
⏰ 19h
¿Qué pasa cuando cinco antiguos amigos y compañeros de carrera vuelven a reencontrarse tras doce años sin verse?
¿Cuántas cosas pueden salir al descubierto?
#Maricastodas #lgtbi #orgullogay URL"	0
"Gracias @USER por #Mansos y por #MaricónPerdido. Gracias a las personas que no se callan. Gracias a las personas que escuchan. Gracias a las personas que leen.

¡Cómo nos gusta leer con orgullo! Feliz día  ✊🏳️‍🌈

#OrgulloLGTBI  #OrgulloLGTBIQ+ #Orgullo2021 URL"	1
"@USER @USER @USER @USER 🚩
Odian los derechos de la mujer, odian los derechos de las personas trans, odian los derechos de estudiantes. Ya no es misoginia.
Es discurso de odio y negacionismo.
Apología al delito de discriminación y acoso, penado por Ley Zamudio.
#ViolenciaDeGénero
#Transfobia
#QueerFobia"	0
Con motivo del #DiaDelOrgullo desde esta cuenta se condenará todo tipo de falta de respeto o agresion de cualquier tipo hacia los putos maricas, travelos o demás engendros. @USER	0
"FELICES FIESTAS LIBRES DE LGTBIQ+FOBIA Y MACHISMO os desea @USER y @USER
#lgtbi #lgtbiq #queer #feminista #feminismo #standup #standupcomedy #humor #comedia #mascomicas #actriuscatalanes #actricescuarentonas #actricesespañolas @USER
URL"	0
Este twitter es de un MARICÓN CON TILDE EN LA O !!!!!!  #Samuelsomostodos #MARICON #SAMUEL #LGTBIfobia #LGTBI #LGTBIQ URL	0
La gente que por instagram pone #OrgulloLGTBI y luego llama maricon despectivamente a un chico????? 🤢🤢🤢	1
Y seguiremos en la Lucha por nuestros Derechos y por todos aquellos que han perdido la VIDA por ésta causa y No importa si eres Gay, Lesbiana, Bisexual, Transgénero, Transexual, Travesti, Intersexual, Queer... Mereces ser FELIZ! ❤ #Pride #PRIDE2020 #LGTBI #Orgullo2020 URL	0
"Hoy puedo decir muy orgulloso que he ganado el juicio ⚖️ a la mujer que, hace 4 años, me amenazó y agredió con una barra de hierro al grito de MARICÓN mientras entrenaba en el gimnasio.

Brindemos por ello 🥂
Ni un paso atrás 💪🏼🏳️‍🌈🏳️‍⚧️
#LGTBQ URL"	1
Estoy muy harto de encontrarme expresiones homófobas. Como maricón, ecologista y activista consideró que he llegado antes al siglo XXI que muchos que parecen seguir en la Edad Media. Visto en un artículo sobre el lobo en @USER #stophomofobia #LGTBI #LaVerdadDeLaCaza URL	1
"Así que el ""nuevo"" comunismo es llamar #basura reaccionaria a mujeres y menospreciarlas por criticar alguna postura, antes que hacer autocrítica, baia, pues menos mal que no son misóginos.

El argumento del anticomunismo se parece demasiado al de la #transfobia de los queers. 🤷🏻‍♂️"	0
"Creo que hay desinformación acerca de la fecha real del día #OrgulloLGTBI +
Sois unos mariconassos!"	0
"Carmen Calvo es la típica petarda que en 2021 te prostituye el nombre de un gran activista por los derechos LGTB mientras que en 2004 opinaba que ""menuda nos va a montar el maricón este con la iglesia"" como la mayoría de su partido.
La ley trans saldrá, y no olvidaremos."	0
"Brutal agresión homófoba en Vigo al grito de ""maricón"": ""Me tiraron una nevera a la cabeza"" URL a través de @USER 
Campaña #GanaElAmor #GEAL20E #StopLGTBIfobia #Los20Estelares #LGTBIfobia #LGTBIQ+ #LGTBI #LGTB #Homofobia"	0
Soy un hombre no transexual.... Mismos derechos para todxs! URL #LGTBIQ #LeyTrans #Queer #DiversidadLGTBIQ #CristianoLGTBIQ URL	0
"Hice estas pegatinas y las estuve pegando por Sevilla en diferentes sitios paradigmáticos de la ciudad 💜 Es momento de apoyarnos y repartir amor - las dejo aquí por si a alguien le sirven🌈

#LGTBQ #LGTBIQ #lgtbifobia #queer #Sevillaqueer #homofobia #feminismo #OrgulloLGTBI URL"	0
"@USER @USER @USER No es defender derechos LGBI... Es atacar el derecho de disentir al dogma queer y a la existencia del género. Es atacar el feminismo
Lee la ley trans y lo que promueven."	0
"Hoy me gustaría decir que no es tan fácil llegar a sentirse cómoda con la palabra ""lesbiana"". Muchas de nosotras utilizamos ""bollera"" u otras expresiones para decir que nos gustan las mujeres, pero la palabra lesbiana siempre ha estado y sigue rodeada de estigmas +
#OrgulloLGTBI"	1
"Judy Garland, Putochinomaricón, Queen, Judas Priest, La Casa Azul, Rammstein...
Una selección imprescindible de @USER en @USER para celebrar el #OrgulloLGTBI 
URL"	0
"Feliz día del orgullo #LGTBIQ+. Por una cultura cada vez más inclusiva y libre 🏳️‍⚧️🏳️‍🌈

#lgtbiq #bisexual #transexual  #gay #intersexual #nobinario #lesbiana #homosexual #queer URL"	0
No hace falta ser queer para apoyar a la comunidad, compartir sus pedidos de respeto, igualdad de derechos y un mundo seguro para todos sin importar condición no te hace gay o lesbiana, te hace HUMANO. #OrgulloLGTBI	0
En @USER tenéis disponible un artículo explicando por qué es importante desde la perspectiva de los Derechos Humanos que la Ley trans reconozca la autodeterminación de género: URL	1
"Entonces dejemonos de maricadas, que la heterosexualidad es aceptada por todo el mundo y nunca ha tenido que enfrentar algo cómo lo anterior. No existe el #OrgulloHetero, porque nunca ha existido una lucha por ello. 

#DiadelorgulloLGTBI #OrgulloLGTBI #Pride Y que viva el amor."	1
"¿Era Aquiles un travesti? Según el relato Aquiles se viste de mujer para esconderse en la corte de un rey y embaraza a una de sus sirvientas.  ¿Era Aquiles un transformer con una tubería?
#transfobia #MIEDO #maricones #travelo"	0
"¿Porque se habla en @USER de ""misoginia queer"" a la ideología de género que @USER defiende en su #LeyTrans?

¿Porqué @USER?

#TransFobia
#Odio 

URL"	0
"Te dejan hacer el desfile del #OrgulloLGTBI  porque da pasta. Pero si te rajan con una navaja al grito de Maricón, son incapaces de decir ""condenamos la #homofobia"" @USER nunca ha sido otra cosa más que un partido cómplice de la #lgtbifobia URL"	1
"@USER @USER @USER @USER Más bien la religión misógina Queer es la que está intentando marcar la lucha feminista y si no es lo que elles dicen nos llaman terf. Vuestra lucha no es la nuestra. 
La ley trans es anti feminista URL"	0
Diversas y orgullosas ¡Que no nos callen más! #orgullo #lgtb #lgtbiq #gitanasbolleras #28junio 🏳️‍🌈🏳️‍🌈🏳️‍🌈 URL	0
"#FeministasPorDerechosMujeres Porque los apoyos feministas a la ley trans son como los miembros de Podemos que quedan de esta foto:

Pocos y acomodados.

STOP misoginia queer, STOP lesbofobia queer, STOP homofobia queer, NO EXPERIMENTEIS CON NIÑOS. URL"	0
"🏳️‍🌈En el #DiaDelOrgullo una canción de la misionera Queer Fifí Tango.

👮‍♂️(YouTube se pone la gorra y pide que tengas mayoría de edad para verlo 🤦‍♂️):

URL"	1
"Quereos mucho maricones!!!

#PRIDE2020 #Orgullo #LoveIsLove #OrgulloLGTBI URL"	1
"El Premio ODA 2020 fue para Javier Ambrosi y Javier Calvo por contribuir de forma positiva a la creación de referentes LGBTI+ y la visibilidad de la diversidad en sus ficciones. 
¡Y que vengan muches más!🌈

#LGTBIQ #Diversidad #LGTBI #LGTBIRights #Pride #Queer URL"	0
Putos maricones de mierda están enfermos visca barca 🔥😈#gay #LGTB #Homofobia	1
La principal homofobia radica dentro del colectivo #LGTBQ , solo hay que ver cómo un activo se refiere en ocasiones a un pasivo de forma despectiva como “la pasiva” “esa es una pasiva marica” o argumentos del estilo. ¿El activo es más que el pasivo? 🤔 y asi sucede URL	0
"@USER Tramposo el discurso. No se percibe odio hacia la diversidad en esas pintadas ni ir en contra en general de los derechos LGTBI. Están en contra de la teoría queer y de la nueva ley trans, que no son ""los derechos LGTBI"" así en general."	0
"Radfems: la mal llamada ley trans atenta contra nuestros derechos basados en el sexo, permitiendo a depredadores sexuales acceder a nuestros espacios seguros.

Inqueersición: están diciendo que las mujeres trans son unas violadoras!😱 Kill the terf!"	0
"Que a estas alturas sigas presentando las metas del emporio #queer 💰🎀🌎 como ampliación de #derechos de personas transexuales o del movimiento #LGTB (olvidados y atacados), NO teniendo nada que ver, es vergonzoso y antidemocrático @USER 
URL URL"	0
Hoy es el segundo día en el que el mes de los #LGTB ha expirado. No podemos estar más contentos de que las mariconerias hayan acabado! #Pride URL	0
"#ConLupa | ""Marica, dañado, volteado, sodomita, pederasta, raro, de rosca izquierda, partido, roscón, afeminado, loca, cacorro, desperdicio de hombre, maricón, palabras usadas para referirse a los homosexuales"". Hoy #DiaDelOrgullo lee a Sara Ceballos 👇
URL URL"	0
"Bolsonaro, a los ciudadanos brasileños: 'Tenéis que dejar de ser un país de maricas' #stophomofobia #visibilidad #diversidad #LGTBI #respeto #amaresunderechohumano #igualdad #libertad 
🏳️‍🌈💜❤️👫👭👬❤️💜🏳️‍🌈 URL a través de @USER"	0
✊🏳️‍🌈🏳️‍⚧️¿Fiesta o reivindicación? Celebra el #Orgullo2021  con nuestros #librosLGTBI #CarolinEmcke #ModosDelDeseo #MaggieNelson #LosArgonautas #queerbooks #LGTBIQ #queerfamily #LoveIsLove #OrgulloLGTBI #Pride2021  #FelizOrgullo #NiUnPasoAtrás #OrgulloCrítico #28j #OrgulloSiempre URL	0
"Con motivo del día mundial contra la homofobia (si, vamos un poco tarde) esta noche estrenamos en nuestro canal de YouTube (Estoy Rara) este video realizado para la diputación de Córdoba

 #lgtbi #LGTBQ #gay #lesbiana #bisexual #transexual #travestis #instagay #bollos #estoyrara URL"	0
"Hola! Soy nueva🦋
Esta cuenta será un blog para las personas lgtb+🏳️‍🌈
#LGTB #apoyo #ViveySeFeliz #loveislove #lesbi #bisexual #gay #pride #amoresamor #abrosexual #intersexual #animesexual #queer #boy #girl #revolution #asexual #omnisexual #aromantic #transexual #nobinario"	0
Hago mi denuncia por aquí también para que haya antecedentes de algo que la comunidad #LGBTIQ debe estar atenta y alerta. El domingo 17 de julio entre las 00:00 y 00:30, fui víctima de #transfobia en la entrada de @USER , en particular por los empleados de la entrada	1
Obviamente la 'ley trans', a esa censura directa y criminalización de una corriente de pensamiento racional, al más puro estilo queerfascista lo llama lucha contra el 'odio y acoso' o contra las 'terapias de conversión', que queda mejor, claro. Pero es lo que es: fascismo.	0
"MARICA
 #Marica 
URL 
 #StopLGTBIfobia  #stoplgbtfobia #stopLGTBfobia #rainbow #stophomophobia #lgtb #lgtbq #lgtbi  #lgtbifobia #stoplgtbfobia #gay #ezdagomugarik #sinfronteras 
Video : KIKO ALCAZAR @USER #KikoAlcazar 
Canción : Rubén G. Mateos URL"	0
"@USER @USER Pues ni te cuento el dinero que van a sacar con la agenda queer, que promueve bloqueadores y hormonación al niño que se disfrace de hada y a la niña que juegue con camiones, con sus nuevas terapias de conversión. La ley trans es homofobia!!!
Sigue el dinero!
#LeyTransEsPatriarcal"	0
Gente, ya que estamos en este mes del #Pride2022, por favor no apoyen estas empresas si siguen propagando esta ideología #NWO #NOM  #LGTBQ #LGTB #ShutUpGringo2022 #OrgulloLGTB #MeToo #Pride #gay #lesbian #bisexual #transgender #queer #Netflix #Disney #AmoresAmor URL	0
"Marica, maricón, bollera, tortillera, travelo, machorra, muerdealmohadas, julandrón, bujarra, ... 

Si lo has escuchado, te entiendo; si lo has dicho, tienes un problema.

#DiaContraLaLGTBIfobia #LGTBIfobia #Homofobia #Bifobia #Transfobia

(Resubido por un error) URL"	0
@USER Yo es que celebre mucho la nueva ley trans por ejemplo, creo que es algo de derechos humanos pero no soy tonta. El genero como tal nos define porque vivimos en un mundo machista y binario. A ver, que yo lo se por encima. Nunca me metí a full en todo el rollo terf, queer.	0
¿Por qué dentro de la misma comunidad #lgbt hay odio, exclusión, machismo y un sin fin de cosas por las cuales luchamos por erradicar? No es irónico? #lesbianas #gays #bisexuales #transexuales #pansexuales #asexuales #demisexuales #queer	0
"🛑No existe el ""transmigrante"". Es un invento.
🛑No existe la ""identidad de género"". Es un invento.
🛑La propuesta ""Ley Trans"" es un invento.

☑️Tenemos iguales derechos y deberes por la Constitución.
☑️Sexo No Es Género (roles sociales impuestos).
☑️#StopInQueersicion URL"	0
"-**+Aqui tienes excelentes elibros LGBT para ellas
compralo. informacion aqui mismo
#gaygirl #agradecidadelavida #orgullogay #santiago 
#igualdad #pride #visibilidadlésbica #gaypride 
#diversitat #amorpropio #amomivida #picoftheday #queer URL"	0
"A MIS MARICONES NO LES TOCA NI DIOS.
Pedazo de día joder! #MADO2022 #madridpride #Orgullo2022 #OrgulloMadrid2022 #OrgulloMadrid2022 #OrgulloLGTBI URL"	0
"¡#DíaDelOrgullo en URL
🏳️‍🌈5 obras para celebrar la #libertad y la #diversidad maratoneando teatro:
#MARICA de @USER  
#INDECENT de @USER
Dos del #PutoHermoso #FernandoPeña
#ElCabaretDeLosHombresPerdidos de @USER y @USER URL"	1
"🏳️‍🌈🏳️‍🌈🏳️‍🌈 La Iglesia Católica necesita santos #LGTBI. 🏳️‍🌈🏳️‍🌈🏳️‍🌈
@USER:
Nosotros, que somos queers y católicos, necesitamos santos a los que poder acudir, cuyas vidas se parezcan a las nuestras.
#MesDelOrgullo URL"	0
"@USER Yo odiarlo no lo odio. No me gusta que se apropie en España de la lucha contra la pederastia, por ejemplo, pero bueno.

Ah, y es bastante pro ley trans, queer, terapias afirmativas, etc (aunque sin llegar al insulto ""terf""...creo) pero a estas alturas qué le vamos a hacer."	0
"Para el próximo programa de @USER quiero hablar de #transexuales en el deporte y de momento lo que me estoy encontrando es mucha transfobia y mucho ""Es que la ideología de generó es malvada"". URL"	1
"Maricón, joto, puto, desviado, anormal, tragapijas, cachaleches, mariquita... Si todo eso y más pero para UD soy Sr. Gay!!! 
#HappyPrideMonth 
#loveislove 
#OrgulloLGTBI 
🌈🌈🌈🌈🌈🌈🌈🌈🌈🌈🌈🌈🌈🌈"	1
@USER ¿Os dais cuenta de la misoginia y homofobia que subyace bajo vuestras doctrinas queer? Y vais de modernos y progresistas? Heterosexualizar a homosexuales lo hacen las culturas más ferozmente homófobas. Mirad Irán y su ley trans.	0
"3. La actitud más rancia y anacrónica havia nuestras compas #lesbianas: ( te vas a traer a tu amiga bollera aquí ? Vaya pintas ... Vaya machote ...)
4. La #transfobia!! Si a la T del colectivo, si a la sororidad y lucha conjunta con las y los trans. Es su hora!
La lucha sigue 🏳️‍🌈"	1
"La teoría queer que está detrás de la ley trans propuesta se disfraza de transgresora y buenista para colarnos sólo sexismo y homofobia.
#LeyTransEsPatriarcal URL"	0
"Rubén, ""papá gestante"", está a días de ser padre transexual: ... #transdaddy #38weeks #38weekspregnant #pride #proud #loveyoubaby #baby #transisbeautiful #lgbtq #lgbt #lgtb #lgtbi #queerfamily #queer. URL"	0
Entrevista a @USER psicóloga forense feminista sobre la deriva #queer 🛕💰🎀de @USER y los riesgos para #Mujeres #Infancia y #Adolescencia de los 2 proyectos de ley trans y LGBT, revestidos falsamente de ampliación de #derechos #Psicología #Violencia URL	0
"@USER @USER No debe, si se siente mujer está en todo su derecho a sentarse donde se sientan las mujeres, que es lo que el progresismo inculca a todas horas.
Y ahora con la ley trans verás tú que risas, tenemos primera fila para el combate del siglo, TERFs contra QUEERs, Isa, ¿tú eres TERF?"	0
"Judy Garland, Putochinomaricón, Queen, Judas Priest, La Casa Azul, Rammstein...
Una selección imprescindible de @USER para celebrar el #OrgulloLGTBI 
URL"	0
@USER La ley trans no va en contra de los derechos de las mujeres, al contrario.  Aquí se responden TODAS las interrogantes del TEMA. incluidas las referidas a la TEORÍA QUEER. URL	0
Si han quedado dudas sobre por qué una Ley Trans, en @USER os di algunas razones jurídicas: es necesaria para cumplir con el Derecho Internacional de los Derechos Humanos #objetivoleytrans URL	1
"Súmate a la mani virtual del #OrgulloLGTBI
URL

Aquí nuestra pancarta del año pasado #Orgullo2020 
Frente al odio y enfrentamiento, siempre #UnidadYSolidaridad

usa el HT #MariconesYProletariosUníos URL"	0
"Se hicieron los maricas con el aseo.

#OrgulloLGTBI URL"	0
Estamos viviendo momentos muy duros todo el colectivo #LGTBI pero nuestra unión nos hará más fuertes. Nadie nos puede impedir amar a quien nos pida el corazón ❤ o nuestra sexualidad. #Paliza #Maricon #Homofobia ¡Luchemos con fuerza, pero sin odio! URL	0
"Happy Pride Day!!!! Feliz día del LGTBIQ!!!!!! 💜 💙💚💛🧡❤️
#OrgulloLGTBI 
#pride #pride2021 #pridemonth #orgullo2021 #lgtbiq🏳️‍🌈 #ilustracionlgtb #ilustracionorgullo2021 #igualdad #inclusion #orgullogay #gaypride #gay #lesbian #bisexualpride #bisexual #trans #transgender #queer URL"	0
"Pese a que os negáis a debatir, cada vez más gente es consciente del fraude y el peligro que suponen vuestras leyes trans, @USER @USER.
Legislar creencias es incompatible con el estado de Derecho.
La religión queer NO será obligatoria.
La aberrante ley Trans #NOseráLey URL"	0
"""Tal vez podamos
Encontrar un lugar para sentirnos bien
Y podamos tratar a la gente con amabilidad
Encontrar un lugar para sentirnos bien. ""
.
.
.
.
.
.
.
.
.
.
#queer #lgbt #pride #spain #lgbtq #lesbian #barcelona #loveislove #love #trans #instagood #lgtb #art #picoftheday URL"	0
@USER @USER @USER Noo , esa Sra no es referente de nada bueno , lo que empezó siendo un ministerio de defensa de los derechos de las mujeres y las minorías se convirtió en vocera y defensora de la secta queer y su leonina ley trans .	0
@USER Leer ese proyecto de ley trans puede sacarte de dudas. Nadie la lee, se limitan a quedarse con la propaganda. Quién no va a estar de acuerdo con respetar y defender derechos fundamentales? La teoría queer es otra cosa. LEAN LA LEY!!	0
"¡Feliz orgullo a todxs! ❤️🧡💛💚💙💜

#FelizDíadelOrgulloLGTBI #Orgullo #Pride #LoveisLove #LGTBI #WeAreQueer URL"	0
@USER @USER Le veo muy optimista con una ley disparatada e inconstitucional. Que mas que una ley, es una moda queer. Luego  cuando empiecen a luchar por su derecho a ser marcianos con injerto de antenas, y se olvidaran de esta Ley Trans, ya lo vera	0
"Marica orgullosa

URL

#Orgullo2020 #OrgulloLGTBI #PRIDE2020"	1
"""La mayoría de sus términos son palabras en ingles"" ""La teoría QUEER"" ""YANQUI"" en serio estas tías leen lo que escriben antes de publicarlo??? Y por cierto no existe la teoría queer, como mucho la ley trans que pedimos a los gobiernos, basada en los derechos humanos y la ciencia. URL"	0
No se quien sea el organizador del PRIDE 🏳️‍🌈 2022 pero en que cabeza cabe invitar a #RominaMarcos que ella y su familia son homofóbicos misoginos y machistas no conforme con eso invitan al señor #Alfredoadame que usa palabras como joto y marica para ofender #LGTBI	1
"DISFORIA DE GÉNERO

Término médico que describe la discrepancia de una persona con el sexo/género asignado al nacer.

#terminologialgbt #lgtb #lgtbi #lgtbespaña #asexual #bifobia #bisexual #cisgénero #disforiadegénero #demisexual #gay #génerofluido #genderfluid #queer #homofobia URL"	0
"Referencia: Programa de las Naciones Unidas para el Desarrollo. ONU. CONSULTORIOS AMIGABLES PARA LA DIVERSIDAD SEXUAL. 2013.
#genero #diversidadsexual #orgullo #orgullogay #yosoloveoamor #mentalhealth #mentalhealthawareness #mentalhealthmatters #gender #lgbt #trangender #queer"	0
Pues claro que muchas niñas y mujeres no nos identificamos con los roles de mujer tradicional de la sociedad patriarcal. Pero no por eso nos sentimos hombres ni la supuesta filosofía queer nos quiere convencer de ello. De verdad son tan palurdas las que gastan #transfobia?	0
"Mostramos solidaridad con las activistas paraguayas Yren y Mariana ante su exigencia de DDHH de personas trans. 🏳️‍⚧️

Estuvimos con @USER 😍 y con Aettos Tatto hubo promo en tatuajes. También sumamos nuevxs activistas a la Red LGBTIQ+ de @USER 

#OrgulloLGTBI URL"	1
"💊 ¿𝐐𝐮é 𝐞𝐬 𝐥𝐚 𝐏𝐫𝐄𝐏?
De la mano de Asier Orcajo, médico de la asociación Bizkaisida aprendemos algo más. 

URL

#anitzak #lgtbi #lgtbfobia #lgtbiq #lgbt #lgbtqlll🌈 #gay #les #trans #queer #inter #bilbao #euskadi #vih #sida #aids #aidsawareness #prep URL"	0
contigo me atreví a hablar de lo que solo hablaba conmigo mismo. #lgtbi #lgbtq #chicasguapas #chicas #lesbianlove #lesbiankisses #lesbianas #pride🌈 #kiss #bolleras #amor #love #family #besos #parejas #muchoamor #pride #frases #frasesdeamor #insta #frases😍 #cuentadefrases #viral	0
"Hoy, en @USER, hablo con @USER sobre #MariconesDeAntaño, de las historias #LGTB que nos han escondido y de cómo debemos recuperarlas. Desde Goya y Zapater hasta Cristo y san Juan. Tenemos derecho a una historia que nos incluya. ¡Gracias! 
URL"	1
"Ley Trans: cuatro avances en Derechos Humanos. - @USER
#LeyTrans URL"	0
😍🌈No importa la edad que tengas, los brazos de una madre siempre son el mejor refugio👬💕👩‍👧 #FelizDiadeLaMadre #QueerAsFolk #FelizViernes #LoveIsLove #LGBT #LGTBI #Gay #GayBlog #GayKiss #GayLove #RelatoLGBT #LGTBIQ #AmorLGBT #GayPride #AmbienteGay #Orgullo2021 #Gays #Pride2021 URL	0
4. La ruptura con estas plataformas se ha mascado durante años, desde antes de que la ley trans fuera objeto de debate. 5. Es lógico que las mujeres rechacemos al movimiento queer, que quiere borrar los derechos basados en el sexo y hacer desaparecer dicha categoría jurídica.+	0
"No es necesaria una ley trans en España.
No hace falta un día del Orgullo.
No hay homofobia en España.

Un hombre intenta ahogar a otro ""por maricón"" en Madrid. Pero no hay homofobia. URL"	0
"Denuncian una agresión homófoba en el metro de #Madrid al grito de ‘maricón, hijo de puta’.

Es una necesidad urgente la aprobación de una ley #LGTBI que nos proteja de la violencia y el odio que recibimos.

Basta de #lgtbifobia 

URL"	1
@USER @USER Ley trans porqué patatas / ley trans misógina y lesbofobia / penes femeninos lesbianos no existen / mujeres trans lesbianas son hombres hetetosexuales / ley trans = mordaza #imonterodimision #queereshomofobia	0
"¿Te imaginas a una niña defiendo a sus amigas queer? #Transfobia

Tienes que leer esto &gt;&gt; URL"	0
"Para esta secta decir ""Mujer, persona del género femenino"" es transfobia y denunciable. Aquí un pequeño ejemplo👇
Cuando se apruebe la #leytrans será delito de odio. La ley trans es una ley mordaza. #StopDelirioTrans #Inqueersición URL URL"	0
Espero ganarme a partir de que se apruebe la ley trans mi puesto de inqueersidor que del derecho no se puede vivir	1
"“El que no salta es maricón”, gritan a veces en marchas.
Mi amor, las maricas sí que sabemos luchar. Somos gente parada!

#paronacional #ParoNacional2M #ParoIndefinido #DuqueRenuncie #DuqueChao #NoALaReformaALaSalud #LGTBI #comunidadlgtbicolombia URL"	0
La locura del #generismoqueer está llevando a que muchas lesbianas y gais estemos sufriendo acusaciones de #transfobia por no aceptar mantener relaciones sexuales con personas de otro sexo. En #DefensaDeLasOpcionesSexuales, queremos dejar claro lo siguiente: URL	0
Feliz comienzo del mes del #Orgullo #Orgullo2021 #OrgulloLGTBI #OrgulloSiempre #FelizMartesATodos #trans #TransWomenareWomen #queer #gay #tranx #todx #natural #beautiful #BeautifulNight #naturalwoman #naturalgirl #EsTiempo URL	0
"Un día más de lucha..! 💪🏽💪🏽🏳️‍🌈🏳️‍🌈🏳️‍🌈🏳️‍🌈
#nomashomofobia #transfobia 
.
.
.
#shirleystonyrock #díamundial #lgbt #queer #lgbtiq  #dragqueen #queen #filtrosinstagram #glamour #transformation #photography… URL"	1
"#Goya miraba con ternura, compasión y humanidad a todas aquellas personas que habitaban los márgenes de la sociedad.🌈
Pintó a estos personajes diversos y queer en el “Cuaderno C”, uno de sus cuadernos de la primera década del siglo XIX 📖

 #orgullo2022 #pride #queer #lgtbiq"	0
Un chico @USER `me ha llamado maricon y me a agredido no podemos aguantar esto #Orgullo  #orgullolgtbi  #comohuevossinlasyemas	1
"Holaa
.
.
.
#chica #trans #love #girl #transgender #instagood #spain #gay #travel #españa #lgbt #photooftheday #photography #pride #model #lesbian #picoftheday #mujer #lgtb #modelo #queer #beautiful #summer #fashion #loveislove #happy #woman #instagay #nature #madrid URL"	0
"MARICA #Marica 

URL 

 #StopLGTBIfobia  #stoplgbtfobia #stopLGTBfobia #lgtb #loveislove #rainbow #stophomophobia #lgtb #lgtbq #lgtbi  #lgtbifobia #stoplgtbfobia #gay #amorsinfronteras #Plumofobia #sarasa"	0
Con lo que ha hecho ella solita -ley trans- ya es suficiente para que Montero 'pase a la historia', y no precisamente como heroína. Lo que hace la derechona facha, que es lo que hace siempre, se olvidará. La traición y el caballo de troya-queer de Montero, se recordará. Al tiempo URL	0
@USER Encima es que fui respetuoso pero no le gustó que le rebatí de  que decía de la ley trans . Aun quedándose corta esa ley pero estas personas trans excluyentes no aceptan los derechos de las personas trans y eso no es teoria queer ,se están oponiendo al avance de derechos.	0
"@USER @USER @USER @USER He visto el programa y es un encuentro de mujeres que apoyan al Gobierno de España, la ley trans, la teoría queer y el neoliberalismo.
Más de lo mismo.
Las feministas clásicas, luchadoras, rebeldes y de izquierdas no estamos."	0
#Marlaska hablando de #LGTBI #LGTBIfobia y sabe perfectamente lo que es. Dolores Delgado su compañera de partido, @USER le llamó “Maricón”.	0
orgulloso es poco #LGTBI #LGTBISUPPORT #Mariconesalpoder URL	1
"🏳️‍🌈 17 de Mayo | Día internacional de la lucha contra la homolesbobitransfobia 💪

#DiverIUS #USMP #Homofobia #Transfobia #Bifobia #Lesbofobia #LGBT #Homolesbobitransfobia #OMS #pride #translove #queer #loveislove #equality #igualdad #lgbtperu #estudiantes #colectivo URL"	0
"Hay que defender a toda costa la libertad sexual de cada persona, protegerla y condenar a todo aquel que la pueda llegar a amenazar. Al mismo tiempo hay que condenar al máximo a la ideología QUEER que quiere convertir todo en un ridiculo sin sentido. 
#OrgulloLGTBI"	0
"Varios miles de personas se manifestaron ayer en Barcelona por el asesinato de Samuel Luiz, un joven de 24 años de la Coruña, bajo el grito ""O paras de grabar o te mato, maricón"".

6 de julio de 2021. #paudelacalle ©
#JusticiaPorSamuel #LGTBIQ #Orgullo #photography URL"	0
"Soy un buen partido.  O no?

.
.
.
.
.
.
.
.

#lgtbargentina #loveislove🌈 #familiasdiversas #nobinary  #lgtbiq
#pride🌈 #queerlove #matrimonioigualitario #bivisibility  #patoyale #lesbianasargentinas 
URL"	0
Las dificultades de más allá de lo que ilustra este vídeo, pero es un paso de gigante que el @USER de voz a los olvidados. A los maltratados. A quienes salir a la calle entraña riesgo. Ellxs: valientes, fuertes, dignxs y luchadores #LGTBQ #LGTBI #QUEERS URL	1
@USER @USER @USER @USER @USER @USER @USER @USER @USER @USER @USER @USER @USER @USER @USER @USER @USER @USER @USER @USER Un señor q incita al odio con su disfraz enviando un mensaje de que es intolerante a la libertad de credo, un señor que promueve el bullying al fomentar el desprecio de la comunidad #LGTBQ en contra de sus amigos o compañeros católicos. Éste señor pide límites sin tenerlos. URL	0
"A las del sur, 
a las clásicas, 
a las icónicas, 
a las tremendas, 
a las fatales, 
a las modernas, 
a las porteñas, 
a las indespedibles 
maricas de mi vida, gracias.
#orgullo2020 #lgtbiq URL"	1
"""Que nadie te diga cómo ser mujer.""
.
.
.
.
#tuyyosomoscocut #cocutlgbti #cocut #lgbt #lgbtlove #love #amoresamor #loveislove #lesbian #gay #bisexual #trans #queer #instalgbt #instagay #gaymexico #gaytijuana #mexico #bajacalifornia #tijuana #tijuanapride #pride #orgullogay URL"	0
Biden celebró el Mes del Orgullo en la Casa Blanca y envió un mensaje a la juventud LGBT+: “Sean ustedes mismos” URL #dambiente #gayargentina #gayarg #buenosaires #putolindo #puto #maricon #chongo #chongazo #chongonuestrodecadadia #OrgulloLGTBI	0
"NO ES FOBIA, ES ODIO HETEROSEXUAL❌ En La Coruña, miles de personas marcharon ayer y pintaron el luto con los colores del #OrgulloLGTBI para pedir #JusticiaPorSamuel, el joven de 24 años asesinado a golpes al grito de ""maricón"" en la madrugada del sabado, en la ciudad española. URL"	0
"Los esperamos mañana para la clase en vivo 🌈
¡El odio, la discriminación y los prejuicios los derribaremos bailando! ❤️🧡💛💚💙💜🖤  
#tango #tangoqueer #queertango #maledancer #gaydance #pride #orgullogay #gaypride en… URL"	1
"@USER nos unimos con la #comunidad #lgbt preparamos un #episodio este día internacional del #orgullogay tendremos como invitado a @USER
#Amor #diversidad #pride #homosexual #lesbian #gay #trans #bisexual #intersex #travesti #queer #asexual #orgullo #pridemonth URL"	0
@USER no olvidemos que es un maricon! El que escribe eso la #transfobia esta en la comundad y es latente.	0
"Desde Orange celebramos juntos el amor, la diversidad y el respeto con mucho Orgullo 🏳️🌈 ❤️🧡💛💚💙💜
#FelizDíadelOrgulloLGTBI #Orgullo #Pride #LoveisLove #LGTBI #WeAreQueer URL"	0
"Hoy, 28 de junio, se celebra el día del #OrgulloLGTBI 

• Dos jóvenes besándose, Bartolomeo Cesi

• Safo y Erina en un jardín, Simeon Solomon

• El maricón de la tía Gila, Francisco de Goya

• Dos chicas jóvenes, Tamara de Lempicka

¡Feliz #Orgullo  con mucho arte! URL"	0
"A raíz de la elaboración del artículo ""#Islamofobia e identidades #LGTBIQ+"" hemos elaborado un pequeño glosario de terminología relacionada, con definiciones breves de palabras como ""#cisnoramativo"", ""#homofobia"" o ""#queer"".

Puedes consultarlo, aquí: URL URL"	0
Mañana por la tarde estaré en #Sonseca con la buena gente de @USER y @USER hablando de nuestros #MariconesDeAntaño. ¿Te vienes a celebrar el #orgullolgtb en la provincia de Toledo? URL	1
